,High,Low,Open,Close,Volume,Adj Close,Ret_Diff,Ret_%_Chg,Ret_Log,Vol
0,130.7899932861328,127.2300033569336,130.50999450683594,128.32000732421875,2205800.0,122.379150390625,-2.6417465209960938,-0.021130439680524638,-0.021356883000183124,0.17628302288231443
1,127.80999755859375,125.1500015258789,127.41000366210938,127.30999755859375,2267700.0,121.4159164428711,-0.9632339477539062,-0.007870899125213215,-0.007902038154127489,0.17644234174596524
2,130.44000244140625,126.5199966430664,126.70999908447266,129.7100067138672,1545400.0,123.7048110961914,2.2888946533203125,0.01885168535047299,0.01867619443282109,0.17739658433333566
3,129.8300018310547,128.77000427246094,129.63999938964844,128.99000549316406,1222900.0,123.01813507080078,-0.686676025390625,-0.005550924166212723,-0.005566387797274253,0.17745706107783882
4,129.6300048828125,127.88999938964844,128.97999572753906,128.66000366210938,1239000.0,122.70341491699219,-0.31472015380859375,-0.002558323239313154,-0.0025616013403668703,0.17745973034802162
5,130.2100067138672,128.5800018310547,129.38999938964844,129.75,1164900.0,123.74295043945312,1.0395355224609375,0.008471936361055477,0.00843625091642597,0.1774063039239615
6,131.14999389648438,129.44000244140625,129.94000244140625,130.8800048828125,916700.0,124.82064056396484,1.0776901245117188,0.008709103190803757,0.008671397714052453,0.17750621840312555
7,132.08999633789062,130.61000061035156,130.99000549316406,131.25,1046700.0,125.17350006103516,0.3528594970703125,0.0028269322723872836,0.002822944013940898,0.17751474033283293
8,131.77000427246094,129.72000122070312,131.50999450683594,130.0,1221100.0,123.98136901855469,-1.1921310424804688,-0.009523829260180361,-0.009569470942294878,0.17779599940797336
9,130.35000610351562,128.83999633789062,129.1999969482422,129.86000061035156,1547500.0,123.84786224365234,-0.13350677490234375,-0.001076829332981144,-0.0010774095302403808,0.17777291215788624
10,130.5399932861328,129.52000427246094,129.8300018310547,130.14999389648438,840500.0,124.12442779541016,0.2765655517578125,0.002233107190931616,0.0022306175128585792,0.17775573696988675
11,130.8300018310547,129.67999267578125,130.0,130.72000122070312,807800.0,124.66802978515625,0.5436019897460938,0.0043794924125821755,0.004369930343526285,0.17778559268294586
12,130.77000427246094,129.52000427246094,130.75999450683594,129.85000610351562,986100.0,123.83832550048828,-0.8297042846679688,-0.006655309192724279,-0.00667755451756058,0.1778610745411187
13,131.9600067138672,130.02000427246094,130.7100067138672,131.13999938964844,1027600.0,125.06858825683594,1.2302627563476562,0.009934426611273972,0.009885404598250602,0.17811146367309968
14,132.05999755859375,130.57000732421875,131.1300048828125,131.4199981689453,769200.0,125.33563232421875,0.2670440673828125,0.002135180952345994,0.002132904693071147,0.17799373954291178
15,131.24000549316406,130.11000061035156,131.10000610351562,130.89999389648438,1085800.0,124.8396987915039,-0.49593353271484375,-0.003956843903990204,-0.003964692922566293,0.17804689947795413
16,130.85000610351562,129.33999633789062,130.77000427246094,130.64999389648438,818100.0,124.60127258300781,-0.23842620849609375,-0.0019098588894730373,-0.0019116849954023962,0.17803898302454305
17,131.47000122070312,130.13999938964844,130.1699981689453,131.02999877929688,846500.0,124.96369934082031,0.3624267578125,0.002908692265330304,0.0029044702051175264,0.1775617696769703
18,130.16000366210938,127.51000213623047,129.88999938964844,128.2100067138672,1742500.0,122.27426147460938,-2.6894378662109375,-0.021521752960240725,-0.02175672331824785,0.17892717326543617
19,130.72000122070312,128.91000366210938,129.17999267578125,130.1699981689453,1273600.0,124.14350128173828,1.8692398071289062,0.015287271291489768,0.015171598352421434,0.17954951590576415
20,129.94000244140625,127.70999908447266,129.91000366210938,128.52000427246094,1790200.0,122.56990814208984,-1.5735931396484375,-0.012675598185983517,-0.012756618966711208,0.17980740919270352
21,129.97999572753906,128.7100067138672,129.83999633789062,129.2899932861328,1001100.0,123.30423736572266,0.7343292236328125,0.0059911052783161445,0.005973229966805604,0.1798512466373449
22,130.50999450683594,129.52000427246094,129.94000244140625,129.72000122070312,1064000.0,123.7143325805664,0.41009521484375,0.003325880955959315,0.0033203624464448467,0.17986433973139884
23,129.52000427246094,128.0800018310547,129.25999450683594,129.1699981689453,1381200.0,123.18980407714844,-0.5245285034179688,-0.004239836181279766,-0.00424884977315898,0.17991276960563785
24,130.47999572753906,127.61000061035156,129.89999389648438,128.77000427246094,2388700.0,122.80831909179688,-0.3814849853515625,-0.003096725319188365,-0.003101530094984817,0.1796027373668048
25,130.0800018310547,127.63999938964844,128.3699951171875,129.77000427246094,1463300.0,124.50653076171875,1.698211669921875,0.013828148471379142,0.013733411980763499,0.18010467913321138
26,131.63999938964844,129.5500030517578,129.99000549316406,131.32000732421875,1606400.0,125.99366760253906,1.4871368408203125,0.01194424767698643,0.011873478119421854,0.1804665879186683
27,131.49000549316406,130.44000244140625,131.33999633789062,130.5,807800.0,125.2069320678711,-0.7867355346679688,-0.006244246632694406,-0.006263823478349195,0.18022710507419692
28,130.88999938964844,129.10000610351562,130.50999450683594,129.5800018310547,1088400.0,124.32424926757812,-0.8826828002929688,-0.00704979177841758,-0.007074758972017925,0.18034592982955425
29,130.82000732421875,129.22999572753906,130.02999877929688,129.72000122070312,1170200.0,124.45854949951172,0.13430023193359375,0.001080241648148128,0.0010796586069847791,0.18031938904407818
30,130.0800018310547,128.75,129.94000244140625,128.86000061035156,1219000.0,123.6334457397461,-0.825103759765625,-0.00662954664893356,-0.006651619703637479,0.1798640951005458
31,129.42999267578125,127.76000213623047,128.05999755859375,129.3699951171875,3281500.0,124.12274932861328,0.4893035888671875,0.003957695961149588,0.003949884884949739,0.17972026056324106
32,128.25,126.73999786376953,128.0500030517578,127.58999633789062,1689800.0,122.41495513916016,-1.707794189453125,-0.013758913645489423,-0.013854444779741293,0.18023256127192755
33,128.35000610351562,126.54000091552734,126.54000091552734,128.16000366210938,1153500.0,122.96184539794922,0.5468902587890625,0.004467511818040171,0.0044575621097378,0.18005366805969472
34,128.8300018310547,124.91000366210938,128.8000030517578,124.98999786376953,1442500.0,119.92039489746094,-3.0414505004882812,-0.02473491261167271,-0.025045960437333648,0.18176035768897864
35,124.94000244140625,122.83000183105469,124.37000274658203,123.44999694824219,1593800.0,118.44287109375,-1.4775238037109375,-0.012320871733071836,-0.012397402943729041,0.18217651489108808
36,125.30999755859375,123.68000030517578,124.19999694824219,124.41000366210938,1485200.0,119.36393737792969,0.9210662841796875,0.0077764602940995076,0.0077463794743044545,0.18233243735340518
37,124.91999816894531,122.45999908447266,124.30999755859375,123.72000122070312,1704700.0,118.70191192626953,-0.6620254516601562,-0.00554627692586962,-0.005561714627377867,0.1823465022145282
38,124.4000015258789,122.52999877929688,123.83000183105469,122.62000274658203,1312900.0,117.64653778076172,-1.0553741455078125,-0.00889096163980363,-0.008930722087097998,0.18254830081285622
39,123.47000122070312,121.29000091552734,122.52999877929688,121.33999633789062,1055700.0,116.41844177246094,-1.2280960083007812,-0.01043886230285318,-0.01049372939329718,0.18279312435787318
40,122.83000183105469,120.73999786376953,121.04000091552734,122.44999694824219,1265800.0,117.48342895507812,1.0649871826171875,0.009147925074437069,0.00910633624974011,0.1829967277413867
41,124.0199966430664,122.0999984741211,122.48999786376953,122.33999633789062,1220500.0,117.3779067993164,-0.10552215576171875,-0.0008981875716452814,-0.0008985911837999794,0.18267373872836953
42,122.44999694824219,121.4000015258789,122.08000183105469,122.38999938964844,1095500.0,117.42587280273438,0.04796600341796875,0.00040864592601730365,0.0004085624530105747,0.18267067248507454
43,124.05000305175781,122.63999938964844,123.06999969482422,122.7699966430664,659100.0,117.79044342041016,0.36457061767578125,0.003104687314423815,0.0030998777250399456,0.18258429293744136
44,123.48999786376953,121.80999755859375,123.43000030517578,122.5999984741211,1292000.0,117.62734985351562,-0.16309356689453125,-0.0013846078014362329,-0.0013855672565661337,0.18243021933015074
45,123.80000305175781,121.81999969482422,122.61000061035156,123.18000030517578,1007000.0,118.18382263183594,0.5564727783203125,0.004730811150751135,0.004719656031684671,0.18248588255643425
46,125.5999984741211,123.54000091552734,123.83999633789062,125.4000015258789,1130300.0,120.31376647949219,2.12994384765625,0.01802229611654549,0.01786181977114598,0.18319333660371484
47,126.13999938964844,125.38999938964844,125.58999633789062,125.87000274658203,1366600.0,120.76471710205078,0.45095062255859375,0.003748121563756923,0.0037411148586592446,0.18289045941612192
48,125.66999816894531,124.52999877929688,125.36000061035156,125.05000305175781,1200400.0,119.97797393798828,-0.7867431640625,-0.0065146773241531175,-0.006535990450326601,0.18291764731855759
49,126.43000030517578,125.11000061035156,126.43000030517578,126.0199966430664,1297100.0,120.90863037109375,0.9306564331054688,0.0077568940577916745,0.007726964031472328,0.18307098982090117
50,126.79000091552734,125.45999908447266,126.16999816894531,126.62999725341797,902100.0,121.49388885498047,0.5852584838867188,0.0048405021386019875,0.0048288245764736,0.18312701017166455
51,128.22999572753906,126.62000274658203,127.01000213623047,128.19000244140625,1101000.0,122.99061584472656,1.4967269897460938,0.01231936028924574,0.012244094490804436,0.183514898467922
52,129.4499969482422,127.87000274658203,128.5800018310547,128.7899932861328,2028100.0,123.5662841796875,0.5756683349609375,0.004680587466020292,0.004669667577577918,0.18352913660951967
53,130.4600067138672,128.33999633789062,128.8300018310547,130.0,1461000.0,124.7271957397461,1.1609115600585938,0.009395051148179068,0.009351192146183962,0.18366741604511094
54,127.5,124.61000061035156,127.0,125.18000030517578,2796100.0,120.10269165039062,-4.624504089355469,-0.03707695071574357,-0.037781777662068805,0.1874161319134513
55,126.12999725341797,124.33999633789062,124.86000061035156,125.19999694824219,1879900.0,120.12188720703125,0.019195556640625,0.00015982619853760482,0.00015981342769144646,0.18680131868910538
56,125.55000305175781,123.58000183105469,125.55000305175781,124.23999786376953,1654700.0,119.2008285522461,-0.9210586547851562,-0.00766770050155563,-0.007697248457205319,0.18690819705296705
57,125.38999938964844,123.94000244140625,124.73999786376953,124.75,1899000.0,119.69013977050781,0.48931121826171875,0.004104931351607721,0.00409652910681757,0.18669777666352527
58,126.43000030517578,123.9800033569336,124.7699966430664,126.27999877929688,2167900.0,121.15808868408203,1.4679489135742188,0.01226457681801385,0.012189976239403322,0.18690160575230572
59,130.1199951171875,126.48999786376953,127.25,129.49000549316406,2253500.0,124.2378921508789,3.079803466796875,0.025419709903376164,0.025102001855613842,0.18820819013577633
60,131.6300048828125,129.7100067138672,129.94000244140625,130.72999572753906,1954000.0,125.42760467529297,1.1897125244140625,0.009576084267183482,0.009530524199341528,0.18843563053189596
61,131.97999572753906,130.1300048828125,130.52000427246094,131.10000610351562,1487700.0,125.78258514404297,0.35498046875,0.0028301622252053793,0.0028261648564535946,0.1881716569293848
62,131.4199981689453,129.77000427246094,131.27999877929688,130.13999938964844,1679200.0,124.86152648925781,-0.9210586547851562,-0.007322624620335061,-0.007349566640774796,0.18820275207621037
63,130.4499969482422,128.91000366210938,130.02999877929688,128.9600067138672,1388500.0,123.72937774658203,-1.1321487426757812,-0.00906723451577518,-0.00910859207560577,0.18823308200061678
64,128.86000061035156,127.0,128.05999755859375,128.3300018310547,1778600.0,123.12493896484375,-0.6044387817382812,-0.0048851678780464924,-0.004897139314877563,0.18826059972973339
65,129.6999969482422,127.7300033569336,128.13999938964844,129.6999969482422,1882800.0,124.43936920166016,1.3144302368164062,0.010675580819509811,0.010618999145193264,0.1884491231798133
66,130.52000427246094,129.60000610351562,129.72000122070312,130.0,1544100.0,124.7271957397461,0.2878265380859375,0.002312986154884067,0.0023103153200176862,0.18845998658503504
67,131.1300048828125,129.77999877929688,130.50999450683594,129.94000244140625,817500.0,124.66964721679688,-0.05754852294921875,-0.00046139514809018234,-0.00046150162358404856,0.18833036407675913
68,129.8699951171875,129.11000061035156,129.8699951171875,129.2100067138672,1430700.0,123.96925354003906,-0.7003936767578125,-0.005617996781043688,-0.005633837079984438,0.18840720535791905
69,130.1199951171875,128.61000061035156,129.10000610351562,129.55999755859375,859300.0,124.3050537109375,0.3358001708984375,0.0027087375402319314,0.0027050755221749156,0.18802333424929313
70,129.16000366210938,127.61000061035156,128.72999572753906,128.8699951171875,957800.0,123.64303588867188,-0.662017822265625,-0.005325751467877615,-0.005339983836757156,0.1880666481344161
71,129.35000610351562,127.61000061035156,128.69000244140625,128.0500030517578,1209800.0,122.85629272460938,-0.7867431640625,-0.00636302043546455,-0.006383350737298343,0.18780698776271032
72,127.98999786376953,126.68000030517578,127.95999908447266,127.54000091552734,1143800.0,122.36698150634766,-0.48931121826171875,-0.003982793289705855,-0.003990745733215562,0.1877925240418407
73,129.08999633789062,126.91999816894531,127.12000274658203,128.77000427246094,1261600.0,123.54708862304688,1.1801071166992188,0.009643999567301664,0.009597793043076841,0.18802505407489062
74,130.97000122070312,129.13999938964844,129.25999450683594,130.33999633789062,1324500.0,125.05341339111328,1.5063247680664062,0.012192312946056827,0.012118585366767576,0.18838392331624798
75,130.80999755859375,129.61000061035156,130.1699981689453,130.4199981689453,1664300.0,125.13016510009766,0.076751708984375,0.0006137514115214238,0.0006135631431529731,0.18811394465676326
76,131.63999938964844,130.5,130.75,131.4199981689453,1147000.0,126.08960723876953,0.959442138671875,0.007667552727228966,0.007638306447940835,0.18824544326119047
77,132.25999450683594,130.92999267578125,131.22000122070312,131.7100067138672,1267400.0,126.36785888671875,0.27825164794921875,0.002206777021854789,0.002204345665759,0.18822041200189563
78,131.8800048828125,129.25999450683594,131.8800048828125,129.41000366210938,1083900.0,124.1611328125,-2.20672607421875,-0.017462716339895823,-0.017616988213064566,0.1890489493583377
79,129.8699951171875,128.94000244140625,129.5,129.52000427246094,1115400.0,124.26667785644531,0.1055450439453125,0.0008500650852203417,0.0008497039845201115,0.18898549683916752
80,130.67999267578125,129.85000610351562,130.05999755859375,130.50999450683594,1180300.0,125.21650695800781,0.9498291015625,0.007643473841473014,0.007614410497946089,0.18869692801846855
81,132.3300018310547,131.33999633789062,131.80999755859375,131.88999938964844,1277700.0,126.54057312011719,1.324066162109375,0.01057421416932991,0.010518698182377051,0.18885102820755617
82,132.77000427246094,132.0500030517578,132.0500030517578,132.27999877929688,1056000.0,126.91472625732422,0.37415313720703125,0.002956783962499321,0.0029524212743679,0.18702678361495104
83,133.25,131.94000244140625,132.5800018310547,132.66000366210938,1024600.0,127.27931213378906,0.36458587646484375,0.0028726837871093647,0.0028685655161471146,0.18703078891272273
84,132.63999938964844,131.10000610351562,132.5500030517578,131.64999389648438,1262100.0,126.3102798461914,-0.9690322875976562,-0.007613431211657251,-0.007642561326671071,0.18692501549650936
85,131.72000122070312,130.6699981689453,131.4199981689453,131.60000610351562,1002900.0,126.2623062133789,-0.0479736328125,-0.00037980782617941244,-0.00037987997144028895,0.18684264484801802
86,132.24000549316406,131.00999450683594,131.7100067138672,132.1300048828125,973900.0,126.77082061767578,0.508514404296875,0.004027444290756854,0.004019355846897277,0.18654773918766013
87,133.30999755859375,132.02000427246094,132.02000427246094,132.58999633789062,1209500.0,127.212158203125,0.44133758544921875,0.0034813814669563126,0.0034753354866765562,0.18252797178957988
88,133.39999389648438,132.08999633789062,132.42999267578125,132.57000732421875,1274200.0,127.19298553466797,-0.01917266845703125,-0.0001507141198439088,-0.00015072547835792705,0.18152040144343745
89,132.11000061035156,129.97000122070312,131.5399932861328,130.08999633789062,1300200.0,125.54273223876953,-1.6502532958984375,-0.01297440490889834,-0.013059307675060694,0.18129626043070066
90,129.5500030517578,126.93000030517578,129.38999938964844,127.5999984741211,1840800.0,123.1397705078125,-2.4029617309570312,-0.01914058813366304,-0.01932614073027139,0.1782419018143292
91,128.30999755859375,125.70999908447266,126.5199966430664,127.8499984741211,1797100.0,123.38101959228516,0.24124908447265625,0.001959148400860089,0.0019572317725291555,0.17677801602951518
92,128.1999969482422,126.30000305175781,127.87000274658203,126.88999938964844,1750400.0,122.45458984375,-0.9264297485351562,-0.007508689355920084,-0.007537021477675765,0.17694753420085077
93,129.41000366210938,127.73999786376953,128.5,128.8300018310547,1413400.0,124.32677459716797,1.8721847534179688,0.015288808331372916,0.015173112247810927,0.17738466818792228
94,130.1199951171875,128.67999267578125,129.0,130.00999450683594,1194700.0,125.46553802490234,1.138763427734375,0.009159438354482186,0.009117745096830276,0.1771079778560315
95,130.60000610351562,129.58999633789062,130.22000122070312,129.88999938964844,996200.0,125.34971618652344,-0.11582183837890625,-0.0009231366652723283,-0.0009235630183317411,0.17701898141385608
96,131.74000549316406,129.5,130.0,131.3699951171875,1473600.0,126.77799224853516,1.4282760620117188,0.011394330242331163,0.011329903797064667,0.17735713550569426
97,133.5,131.3699951171875,131.6699981689453,132.5,1470900.0,127.86846160888672,1.0904693603515625,0.008601408974941105,0.008564627620588183,0.1775364265483386
98,134.61000061035156,133.10000610351562,133.3300018310547,134.14999389648438,1635700.0,129.4608154296875,1.5923538208007812,0.012453061534996257,0.012376159946165366,0.1776255451409832
99,134.50999450683594,133.19000244140625,134.4600067138672,134.44000244140625,2738500.0,129.7406768798828,0.2798614501953125,0.0021617463884067156,0.0021594131766189406,0.17758984879286338
100,134.44000244140625,132.72000122070312,134.44000244140625,132.8300018310547,1055700.0,128.18695068359375,-1.5537261962890625,-0.011975628874878907,-0.012047914407808946,0.1779849271616256
101,133.10000610351562,131.13999938964844,133.10000610351562,131.2899932861328,844500.0,126.7007827758789,-1.4861679077148438,-0.011593753496665804,-0.011661485074484723,0.17833051020065613
102,131.74000549316406,129.1999969482422,131.74000549316406,129.5,1317100.0,124.97333526611328,-1.727447509765625,-0.013634071328677666,-0.0137278688160265,0.17888246293199486
103,129.92999267578125,128.47000122070312,129.38999938964844,129.1199951171875,836500.0,124.60664367675781,-0.36669158935546875,-0.0029341586233146977,-0.002938471705640211,0.17891185636257378
104,129.9199981689453,128.22000122070312,128.7100067138672,129.7100067138672,1452900.0,125.176025390625,0.5693817138671875,0.004569433033957848,0.004559024869063677,0.17895714650536418
105,130.63999938964844,128.6300048828125,130.0,128.97000122070312,1362900.0,124.4618911743164,-0.7141342163085938,-0.005705039875487872,-0.0057213757764182915,0.17904010555262745
106,129.60000610351562,128.24000549316406,128.69000244140625,129.50999450683594,1311100.0,124.9830093383789,0.5211181640625,0.0041869696751806185,0.004178228707933052,0.17897403786294822
107,130.33999633789062,129.07000732421875,130.1699981689453,129.5399932861328,1547200.0,125.01195526123047,0.0289459228515625,0.00023159886295576193,0.00023157204807944254,0.1789520675927712
108,130.8800048828125,129.5500030517578,129.8800048828125,130.7899932861328,1242600.0,126.21824645996094,1.2062911987304688,0.009649406700421137,0.009603148513562587,0.17919038424113104
109,131.44000244140625,129.8300018310547,130.17999267578125,130.1300048828125,870500.0,125.58132934570312,-0.6369171142578125,-0.005046157208814184,-0.0050589320541414295,0.17922411877464475
110,132.47000122070312,129.9199981689453,130.00999450683594,131.66000366210938,986800.0,127.05784606933594,1.4765167236328125,0.011757454163972225,0.011688872341431455,0.17952473309425385
111,132.02999877929688,130.32000732421875,131.5399932861328,131.58999633789062,865200.0,126.99029541015625,-0.0675506591796875,-0.0005316527964973616,-0.0005317941739573229,0.1795222439144148
112,131.60000610351562,128.00999450683594,130.91000366210938,128.1699981689453,1656700.0,123.68984985351562,-3.300445556640625,-0.025989746271404157,-0.026333447952924693,0.1813214802189418
113,128.0,123.58999633789062,127.9800033569336,124.30999755859375,2438600.0,119.96477508544922,-3.7250747680664062,-0.030116252647068187,-0.03057906275682587,0.18388898310774313
114,125.0999984741211,121.47000122070312,124.26000213623047,123.6500015258789,2327400.0,119.32784271240234,-0.636932373046875,-0.005309328280682313,-0.00532347285173973,0.18394777869809598
115,124.69999694824219,123.0199966430664,123.33999633789062,123.38999938964844,1305200.0,119.0769271850586,-0.25091552734375,-0.0021027408326529384,-0.002104954696156014,0.18387119176974237
116,124.8499984741211,123.33999633789062,123.81999969482422,124.75,1232600.0,120.38938903808594,1.3124618530273438,0.011021966085735801,0.010961666890074717,0.1834244462495527
117,127.19000244140625,124.58000183105469,124.7699966430664,126.44000244140625,2106800.0,122.02031707763672,1.6309280395507812,0.013547107868741026,0.01345616621330148,0.18391530314270674
118,127.30000305175781,123.69999694824219,126.62000274658203,125.13999938964844,2818800.0,120.76576232910156,-1.2545547485351562,-0.010281523426438288,-0.010334743390903789,0.18389811096781525
119,126.79000091552734,124.01000213623047,124.33000183105469,126.06999969482422,2044600.0,121.66324615478516,0.8974838256835938,0.007431608167535408,0.007404129822441874,0.18246934242334453
120,126.6500015258789,123.9800033569336,125.9000015258789,124.06999969482422,1413500.0,119.73316955566406,-1.9300765991210938,-0.01586408928022165,-0.015991270817480974,0.18315278620991735
121,124.58000183105469,122.30000305175781,122.5,123.80000305175781,2001000.0,119.47261047363281,-0.26055908203125,-0.002176164574931083,-0.0021785358618915396,0.18295777760127818
122,123.68000030517578,121.30000305175781,123.47000122070312,121.55999755859375,2291800.0,117.31089782714844,-2.161712646484375,-0.018093792693694044,-0.01825948709726255,0.1836157071683234
123,122.2699966430664,120.37000274658203,121.97000122070312,121.23999786376953,2318100.0,117.00208282470703,-0.30881500244140625,-0.0026324493986605857,-0.0026359203863837166,0.18333610186162838
124,122.11000061035156,119.66999816894531,121.0199966430664,121.29000091552734,3574600.0,117.05034637451172,0.0482635498046875,0.0004125016293683448,0.0004124165739609609,0.18333146755349627
125,124.5,121.58999633789062,122.81999969482422,122.31999969482422,2323000.0,118.04431915283203,0.9939727783203125,0.008491839700670578,0.00845598685799498,0.1834224435305854
126,126.01000213623047,122.08999633789062,122.97000122070312,125.87000274658203,2217000.0,121.47024536132812,3.4259262084960938,0.029022372555349785,0.028609198651855294,0.18528379145879417
127,126.95999908447266,125.02999877929688,126.22000122070312,125.12999725341797,2161700.0,120.75609588623047,-0.7141494750976562,-0.00587921324249685,-0.0058965638553978295,0.185370328277395
128,125.33999633789062,124.0199966430664,124.9800033569336,125.19999694824219,1320000.0,120.82366180419922,0.06756591796875,0.0005595238689433124,0.0005593673938291133,0.18520592675646252
129,126.93000030517578,123.95999908447266,126.69999694824219,124.9000015258789,1637000.0,120.53414916992188,-0.28951263427734375,-0.0023961584175996586,-0.0023990337993460287,0.18498528980006873
130,127.37999725341797,125.16000366210938,125.16000366210938,126.52999877929688,1098200.0,122.10716247558594,1.5730133056640625,0.01305035391627074,0.012965931747121573,0.18517848020340646
131,128.66000366210938,126.12999725341797,126.23999786376953,128.60000610351562,1586600.0,124.10482025146484,1.9976577758789062,0.01635987386307769,0.01622749299810433,0.18589607276040787
132,130.3699951171875,128.22000122070312,129.1199951171875,130.27999877929688,1452400.0,125.72608184814453,1.6212615966796875,0.013063647273285905,0.012979053769877957,0.18634069676638038
133,131.50999450683594,129.97999572753906,130.0500030517578,130.99000549316406,1879200.0,126.41128540039062,0.6852035522460938,0.005449971415427468,0.005435174060307801,0.18641425950380835
134,131.80999755859375,130.27999877929688,131.13999938964844,131.02999877929688,1379400.0,126.44987487792969,0.0385894775390625,0.00030526924409346456,0.0003052226589188578,0.18626147511127686
135,130.8000030517578,126.83000183105469,130.3000030517578,127.04000091552734,1794500.0,122.59934997558594,-3.85052490234375,-0.030450998121278605,-0.03092426212263799,0.18865364781672775
136,128.27000427246094,126.43000030517578,126.87999725341797,126.80999755859375,1419900.0,122.37738037109375,-0.2219696044921875,-0.0018105283962467356,-0.001812169383785367,0.18794620557474886
137,127.5,122.2300033569336,127.1500015258789,123.04000091552734,3153400.0,118.73916625976562,-3.638214111328125,-0.029729465529460652,-0.03018034485448684,0.19028832121881442
138,125.61000061035156,121.4000015258789,122.4800033569336,125.58999633789062,2409000.0,121.20001983642578,2.4608535766601562,0.020724868248413797,0.020513030045886893,0.19141485705444866
139,128.7899932861328,124.70999908447266,124.9800033569336,128.77000427246094,2734100.0,124.26887512207031,3.0688552856445312,0.02532058402124293,0.02500532858840021,0.19180969270814277
140,130.57000732421875,128.60000610351562,128.92999267578125,130.52000427246094,2118100.0,125.95771789550781,1.6888427734375,0.013590231437908606,0.013498712486153863,0.19215716610912265
141,131.10000610351562,128.25999450683594,130.9499969482422,128.3699951171875,1893600.0,123.88284301757812,-2.0748748779296875,-0.0164727887468632,-0.016609973764404984,0.19287924104948573
142,129.5399932861328,127.30999755859375,128.10000610351562,127.76000213623047,1503200.0,123.29418182373047,-0.5886611938476562,-0.004751757220845532,-0.004763082710750766,0.19282610925489138
143,127.6500015258789,126.36000061035156,127.44000244140625,126.5999984741211,405800.0,122.17472839355469,-1.1194534301757812,-0.009079531682818831,-0.009121001841206677,0.19298351942553318
144,130.33999633789062,127.18000030517578,127.68000030517578,130.33999633789062,1850300.0,125.78399658203125,3.6092681884765625,0.029541855635236036,0.029113902934383873,0.1951640779275641
145,130.57000732421875,128.30999755859375,129.86000061035156,129.61000061035156,1274200.0,125.07951354980469,-0.7044830322265625,-0.0056007365910585305,-0.005616479525108353,0.195185618240986
146,130.99000549316406,128.72000122070312,129.52000427246094,130.6999969482422,1579400.0,126.13140869140625,1.0518951416015625,0.008409811581036486,0.008374646134586605,0.19441823846911296
147,131.2100067138672,129.27000427246094,130.0500030517578,130.6300048828125,1620600.0,126.06385803222656,-0.0675506591796875,-0.0005355577954810897,-0.0005357012577809073,0.19408505225441536
148,130.9499969482422,128.7100067138672,130.38999938964844,130.3699951171875,2142700.0,125.81295013427734,-0.25090789794921875,-0.0019903238078361474,-0.0019923071343441734,0.19393950751821062
149,130.9199981689453,127.61000061035156,130.57000732421875,130.11000061035156,1597300.0,125.5620346069336,-0.25091552734375,-0.001994353737639565,-0.001996345109161801,0.19388964424644167
150,130.52000427246094,126.0999984741211,130.22000122070312,126.69000244140625,2141200.0,122.26158142089844,-3.3004531860351562,-0.02628543887781909,-0.02663707668572357,0.1956938872431429
151,126.43000030517578,121.75,125.48999786376953,125.41000366210938,2775800.0,121.02632904052734,-1.2352523803710938,-0.010103356802809604,-0.010154742114563575,0.19580534140410258
152,126.19000244140625,122.87000274658203,124.63999938964844,123.55999755859375,1679600.0,119.97763061523438,-1.0486984252929688,-0.008665043661216898,-0.00870280343701868,0.19598855754233246
153,123.55999755859375,120.5,123.44999694824219,123.0,1534100.0,119.43386840820312,-0.54376220703125,-0.004532196579002945,-0.004542498119439742,0.195859828923974
154,124.41999816894531,120.44999694824219,123.68000030517578,120.97000122070312,1877200.0,117.46272277832031,-1.9711456298828125,-0.016504075905385496,-0.01664178544771744,0.19653309796967666
155,123.29000091552734,121.02999877929688,122.20999908447266,122.01000213623047,1703200.0,118.47257995605469,1.009857177734375,0.008597256677254306,0.008560510725453163,0.19668891100308614
156,122.61000061035156,120.72000122070312,122.02999877929688,121.5,1282300.0,117.97735595703125,-0.4952239990234375,-0.004180072715620153,-0.004188833642304601,0.19651282162437256
157,121.44999694824219,119.94999694824219,120.33000183105469,120.55000305175781,2097800.0,117.0549087524414,-0.9224472045898438,-0.007818849618275947,-0.00784957709677414,0.1965782627530448
158,121.79000091552734,119.5,120.72000122070312,119.93000030517578,1829400.0,116.452880859375,-0.6020278930664062,-0.005143123850872677,-0.00515639523615441,0.1965111519243784
159,121.06999969482422,118.41999816894531,120.41000366210938,119.30000305175781,1695200.0,115.84115600585938,-0.611724853515625,-0.005252981712443261,-0.005266827128641793,0.19577806801531034
160,121.68000030517578,118.22000122070312,119.61000061035156,119.16000366210938,1829600.0,115.70520782470703,-0.13594818115234375,-0.0011735741064726746,-0.0011742632838176448,0.1957598949972979
161,119.44000244140625,116.93000030517578,118.5,117.31999969482422,2621900.0,113.9185562133789,-1.786651611328125,-0.015441410502757158,-0.015561870741529482,0.19632375680156394
162,120.30999755859375,116.0199966430664,117.79000091552734,116.05999755859375,4523600.0,112.69508361816406,-1.2234725952148438,-0.01073988852986496,-0.010797977419197302,0.19658853346503677
163,115.87000274658203,112.5999984741211,115.41000366210938,112.62999725341797,1344700.0,109.3645248413086,-3.3305587768554688,-0.02955371849352484,-0.029999229263618865,0.19871191534722457
164,117.16999816894531,111.08000183105469,112.5,117.16999816894531,1931300.0,113.77289581298828,4.4083709716796875,0.04030896653257887,0.03951775223720677,0.20272324955768767
165,118.70999908447266,114.66000366210938,115.75,118.66999816894531,1807400.0,115.22941589355469,1.4565200805664062,0.012801995327257343,0.012720742515685224,0.20312380373928465
166,119.76000213623047,117.77999877929688,119.1500015258789,118.23999786376953,1386700.0,114.81188201904297,-0.41753387451171875,-0.0036235007465230673,-0.0036300815271381737,0.20314896904214755
167,119.75,118.05000305175781,118.4800033569336,119.75,1157300.0,116.27809143066406,1.4662094116210938,0.012770537211278299,0.012689681553437637,0.20345212288338133
168,118.19000244140625,116.33000183105469,117.48999786376953,117.37000274658203,1793400.0,113.96710968017578,-2.3109817504882812,-0.019874610273133975,-0.020074766801372768,0.204400678336272
169,117.30000305175781,115.05999755859375,117.05000305175781,115.26000213623047,1887500.0,111.91828155517578,-2.048828125,-0.01797736321250576,-0.018140919174931547,0.20338979795154183
170,118.77999877929688,116.12999725341797,116.66000366210938,118.68000030517578,1793900.0,115.23912048339844,3.3208389282226562,0.029671997122163507,0.02924030212980977,0.20551469360360175
171,119.54000091552734,117.70999908447266,118.20999908447266,118.30000305175781,1082800.0,114.8701400756836,-0.36898040771484375,-0.003201867613767506,-0.0032070045600205432,0.20553435475318912
172,119.51000213623047,116.83999633789062,119.37999725341797,117.83999633789062,1403900.0,114.42346954345703,-0.4466705322265625,-0.0038884825241117804,-0.0038960623279518103,0.20555973746922035
173,119.55999755859375,117.9800033569336,118.66000366210938,118.68000030517578,1753000.0,115.23912048339844,0.8156509399414062,0.0071283535029640355,0.0071030668879723535,0.2056327109082245
174,120.3499984741211,118.38999938964844,118.52999877929688,120.2699966430664,1061500.0,116.78301239013672,1.5438919067382812,0.013397289915629829,0.013308339806669345,0.20592724442477495
175,120.86000061035156,119.2699966430664,119.88999938964844,120.47000122070312,839400.0,116.97723388671875,0.19422149658203125,0.001663097162909244,0.0016617157482281542,0.20592196334697352
176,120.97000122070312,119.79000091552734,119.87000274658203,120.58000183105469,1406800.0,117.08403778076172,0.10680389404296875,0.0009130314548759788,0.0009126148951930091,0.2059155061349265
177,121.86000061035156,120.52999877929688,120.52999877929688,121.81999969482422,1373400.0,118.2880859375,1.2040481567382812,0.010283623451668555,0.010231106730612893,0.20537806888980764
178,122.58000183105469,121.18000030517578,122.29000091552734,122.30000305175781,1349800.0,118.7541732788086,0.46608734130859375,0.003940272916030274,0.003932530372529719,0.2053294068692649
179,122.98999786376953,121.27999877929688,121.63999938964844,122.94000244140625,1109200.0,119.37561798095703,0.6214447021484375,0.005233034637775802,0.005219389893594162,0.20515190610265988
180,124.41000366210938,122.73999786376953,123.72000122070312,124.01000213623047,1923900.0,120.41458892822266,1.038970947265625,0.008703376492102066,0.008665720443032932,0.20531377501799278
181,125.5,121.33999633789062,123.5,122.36000061035156,2155800.0,118.81243133544922,-1.6021575927734375,-0.013305344535357366,-0.013394653709501547,0.20568948803460657
182,123.25,120.5999984741211,122.66999816894531,123.0199966430664,2008700.0,119.45328521728516,0.6408538818359375,0.005393828529832723,0.005379333934277142,0.2054637171483619
183,124.45999908447266,122.58000183105469,122.75,124.37999725341797,1621000.0,120.77385711669922,1.3205718994140625,0.011055132531616385,0.010994471223703783,0.19987317245612193
184,126.16999816894531,124.54000091552734,125.01000213623047,124.9800033569336,1972800.0,121.3564682006836,0.582611083984375,0.004823983417383326,0.0048123852938593,0.19970362255013738
185,125.12999725341797,123.61000061035156,124.23999786376953,125.02999877929688,1284500.0,121.40502166748047,0.048553466796875,0.0004000896492519779,0.00040000963472941464,0.19960558181901428
186,125.47000122070312,124.37999725341797,124.73999786376953,124.81999969482422,1275200.0,121.20110321044922,-0.20391845703125,-0.001679654220479998,-0.0016810664211908133,0.19948577407014775
187,126.19000244140625,124.08000183105469,124.70999908447266,125.87999725341797,1682400.0,122.2303695678711,1.029266357421875,0.008492219378850807,0.008456363339086614,0.1996764945503547
188,125.80000305175781,124.37999725341797,125.4000015258789,125.54000091552734,1619500.0,121.90022277832031,-0.33014678955078125,-0.0027010209550863973,-0.002704675293967007,0.19968517342631775
189,126.52999877929688,125.12999725341797,126.02999877929688,126.48999786376953,1064700.0,122.82267761230469,0.922454833984375,0.007567294078386411,0.007538805738051657,0.19966423791510782
190,126.5,125.0199966430664,126.48999786376953,126.04000091552734,1214100.0,122.3857421875,-0.4369354248046875,-0.0035574491071094227,-0.003563791876371347,0.1996832867009023
191,126.25,125.33000183105469,126.12000274658203,126.18000030517578,1306400.0,122.52167510986328,0.13593292236328125,0.0011106924706558718,0.0011100761081239696,0.19925242339239627
192,125.9800033569336,124.87000274658203,125.9800033569336,125.55000305175781,1504900.0,121.9099349975586,-0.6117401123046875,-0.004992913390680864,-0.0050054196284863295,0.1943734791522967
193,126.80000305175781,125.11000061035156,125.19000244140625,126.76000213623047,1083900.0,123.08485412597656,1.1749191284179688,0.009637599498691474,0.009591454087071405,0.19457906566372382
194,126.76000213623047,124.62000274658203,126.52999877929688,125.79000091552734,1252700.0,122.14297485351562,-0.9418792724609375,-0.007652275977813927,-0.0076817048697668255,0.19448568361084895
195,126.04000091552734,124.36000061035156,126.04000091552734,125.41999816894531,1610200.0,121.78370666503906,-0.3592681884765625,-0.0029413741470389887,-0.0029457084893431684,0.18762528792631802
196,127.37000274658203,126.11000061035156,126.43000030517578,127.26000213623047,1729500.0,123.57037353515625,1.7866668701171875,0.014670820252099315,0.014564244869697873,0.1875726512836261
197,129.1300048828125,127.55000305175781,127.79000091552734,128.0399932861328,1351000.0,124.32774353027344,0.7573699951171875,0.006129058069908044,0.006110351789170743,0.18751201101677822
198,127.94999694824219,126.2300033569336,127.12999725341797,126.93000030517578,1266500.0,123.24993133544922,-1.0778121948242188,-0.008669120537539321,-0.008706915956887329,0.18767299702387455
199,128.83999633789062,127.87000274658203,128.0500030517578,128.74000549316406,1304600.0,125.0074691772461,1.757537841796875,0.014259949865719435,0.014159233128491877,0.1876486775402706
200,129.4600067138672,128.00999450683594,128.30999755859375,129.10000610351562,1459300.0,125.35702514648438,0.34955596923828125,0.0027962806665788875,0.0027923783467569407,0.18766004938250086
201,130.1300048828125,128.97999572753906,129.0500030517578,129.74000549316406,1784800.0,125.97846984863281,0.6214447021484375,0.004957398290380999,0.00494515085175351,0.18771884734803532
202,130.0,129.13999938964844,129.91000366210938,129.82000732421875,1227800.0,126.05614471435547,0.07767486572265625,0.0006165725446258818,0.0006163825418701308,0.1871415664893245
203,131.30999755859375,129.97999572753906,130.2100067138672,131.02000427246094,1422900.0,127.22134399414062,1.1651992797851562,0.00924349449545292,0.009201034849983358,0.1873402924687168
204,133.1300048828125,131.3000030517578,131.3000030517578,132.49000549316406,2051100.0,128.64874267578125,1.427398681640625,0.011219805080084466,0.011157329938678018,0.18756883890521325
205,133.89999389648438,132.36000061035156,132.4600067138672,133.27000427246094,2278700.0,129.40611267089844,0.7573699951171875,0.005887115407150922,0.005869854056485657,0.18704280960311487
206,133.4199981689453,132.44000244140625,132.80999755859375,132.6199951171875,1350100.0,128.77496337890625,-0.6311492919921875,-0.004877275724967545,-0.0048892084494847055,0.18599804736880587
207,133.07000732421875,132.22000122070312,132.5800018310547,132.91000366210938,1739700.0,129.0565643310547,0.2816009521484375,0.002186767868221917,0.0021843803713341714,0.18587527940740703
208,134.35000610351562,132.4600067138672,133.52000427246094,133.02999877929688,1360400.0,129.1730499267578,0.116485595703125,0.0009025933419730681,0.000902186249543746,0.18500216392575006
209,133.66000366210938,130.9199981689453,133.24000549316406,132.14999389648438,907900.0,128.31858825683594,-0.854461669921875,-0.006614860223602026,-0.006636835373463157,0.1851182123435612
210,132.82000732421875,131.27999877929688,132.4199981689453,132.69000244140625,1324200.0,128.8429412841797,0.52435302734375,0.004086337252201089,0.004078010851412017,0.18500058311265688
211,133.36000061035156,131.69000244140625,132.7100067138672,131.8000030517578,896700.0,127.97874450683594,-0.86419677734375,-0.006707366105820678,-0.006729961579948096,0.18470570109497733
212,131.85000610351562,130.64999389648438,131.72000122070312,131.49000549316406,1141100.0,127.67772674560547,-0.30101776123046875,-0.0023520918445515404,-0.0023548623577616112,0.18425532203796427
213,131.11000061035156,130.0,130.30999755859375,131.02000427246094,1153800.0,127.97074127197266,0.2930145263671875,0.002294954130496185,0.0022923247453761064,0.18341077171755912
214,132.4199981689453,131.4600067138672,132.1300048828125,131.8699951171875,1293300.0,128.8009796142578,0.8302383422851562,0.006487720036884692,0.006466765364447902,0.18319869760023416
215,132.8800048828125,131.72000122070312,132.2100067138672,132.72000122070312,967300.0,129.6311798095703,0.8302001953125,0.006445604666974081,0.006424920590554883,0.18234567088034667
216,133.8699951171875,132.75999450683594,132.97000122070312,133.0,1189600.0,129.9046630859375,0.2734832763671875,0.0021097029030279213,0.0021074806049012906,0.1822753340570791
217,133.50999450683594,132.63999938964844,133.16000366210938,133.05999755859375,1035600.0,129.96327209472656,0.0586090087890625,0.00045116939913314447,0.00045106765282199035,0.1821920146434908
218,134.7100067138672,132.94000244140625,133.47999572753906,134.17999267578125,2113100.0,131.0572052001953,1.09393310546875,0.008417248102767116,0.00838202061094151,0.18220205614808727
219,135.16000366210938,134.3000030517578,134.64999389648438,134.94000244140625,1370200.0,131.7995147705078,0.7423095703125,0.005664011903646182,0.0056480317011988745,0.18216267169486608
220,136.0800018310547,132.6199951171875,135.5500030517578,132.92999267578125,1675800.0,129.83627319335938,-1.9632415771484375,-0.014895666198520341,-0.015007720778358546,0.18267000721781176
221,133.10000610351562,131.25,133.10000610351562,131.3300018310547,1339500.0,128.2735137939453,-1.5627593994140625,-0.012036385217917611,-0.012109409056046516,0.1828357777106987
222,134.44000244140625,130.25,130.67999267578125,134.3699951171875,1527500.0,131.24278259277344,2.969268798828125,0.023147949338924834,0.02288409952229209,0.18398381780136047
223,136.25,133.77999877929688,133.9199981689453,134.89999389648438,2352800.0,131.7604217529297,0.51763916015625,0.003944134297749535,0.003936376591669344,0.18400985854888416
224,135.75,134.3699951171875,135.11000061035156,134.9499969482422,1143500.0,131.8092803955078,0.048858642578125,0.00037081425460017137,0.00037074551998550476,0.18279313025141633
225,135.94000244140625,133.94000244140625,135.60000610351562,134.97999572753906,1501100.0,131.8385772705078,0.029296875,0.00022226716443696226,0.00022224246675062176,0.18122360525314446
226,136.9499969482422,134.97999572753906,135.1300048828125,136.35000610351562,1198700.0,133.17669677734375,1.3381195068359375,0.010149681030692248,0.01009851891306468,0.17986905418752686
227,137.17999267578125,135.4499969482422,136.7100067138672,136.89999389648438,732400.0,133.71389770507812,0.537200927734375,0.004033745698262203,0.004025631957941478,0.17958928175798278
228,138.1300048828125,136.64999389648438,137.72000122070312,137.16000366210938,1328400.0,133.9678497314453,0.2539520263671875,0.0018992193835176696,0.001897418146652896,0.178990761884482
229,138.60000610351562,137.3699951171875,137.55999755859375,138.02000427246094,1547400.0,134.80784606933594,0.839996337890625,0.006270133763992547,0.006250558260022743,0.17909768241373653
230,138.3800048828125,136.58999633789062,138.3800048828125,136.80999755859375,1050200.0,133.62599182128906,-1.181854248046875,-0.008766954465239452,-0.008805610305701705,0.17686935874867896
231,137.50999450683594,135.52000427246094,137.50999450683594,136.60000610351562,1122000.0,133.4208984375,-0.2050933837890625,-0.0015348315173844274,-0.0015360105778716715,0.17617608206497573
232,136.99000549316406,135.97999572753906,136.89999389648438,136.52000427246094,1115200.0,133.34274291992188,-0.078155517578125,-0.0005857816765845181,-0.0005859533137018147,0.17577722199370313
233,137.08999633789062,136.11000061035156,136.52999877929688,136.39999389648438,1090400.0,133.22552490234375,-0.117218017578125,-0.0008790730939779445,-0.000879459705320329,0.1757157280574334
234,136.80999755859375,135.4600067138672,136.80999755859375,135.8800048828125,1006300.0,132.71762084960938,-0.507904052734375,-0.003812362932003266,-0.0038196485103068056,0.17513250750091064
235,135.49000549316406,134.3699951171875,135.49000549316406,135.19000244140625,1377700.0,132.04368591308594,-0.6739349365234375,-0.005077961254949859,-0.005090897913352599,0.1752079949802607
236,135.77999877929688,134.60000610351562,135.42999267578125,135.4600067138672,1250600.0,132.3074188232422,0.26373291015625,0.00199731557274041,0.0019953235899636823,0.17515973318081102
237,136.42999267578125,135.08999633789062,135.72999572753906,136.27999877929688,955900.0,133.1083221435547,0.8009033203125,0.006053351561354781,0.006035103632515693,0.17501372840325244
238,137.85000610351562,136.72000122070312,136.97999572753906,137.72000122070312,1098300.0,134.5148162841797,1.406494140625,0.010566537974298296,0.010511102278901951,0.17525252947541883
239,137.89999389648438,136.60000610351562,137.80999755859375,136.7899932861328,779100.0,133.6064453125,-0.9083709716796875,-0.00675294362935186,-0.006775847925701406,0.17523062831376607
240,138.5800018310547,137.1300048828125,137.3800048828125,138.33999633789062,1038500.0,135.12037658691406,1.5139312744140625,0.011331274257563306,0.011267556255067035,0.17535034644690906
241,138.27999877929688,135.8000030517578,138.27999877929688,135.8699951171875,1434500.0,132.70785522460938,-2.4125213623046875,-0.017854608040948405,-0.018015924602246436,0.17627838782218014
242,141.52000427246094,138.0,138.75,138.92999267578125,2199200.0,135.69664001464844,2.9887847900390625,0.02252153638517118,0.02227167119239315,0.17755359401060022
243,138.6699981689453,136.5800018310547,138.3800048828125,136.61000061035156,1254000.0,133.43064880371094,-2.2659912109375,-0.01669894855681675,-0.016839947896095886,0.1783643924843002
244,138.1699981689453,136.80999755859375,137.0,138.00999450683594,1389900.0,134.79806518554688,1.3674163818359375,0.010248143092278061,0.010195986907226562,0.17864207869808144
245,139.6699981689453,137.5399932861328,138.67999267578125,139.17999267578125,1161200.0,135.94082641601562,1.14276123046875,0.008477578879902747,0.008441846018143018,0.17881510239951387
246,139.5500030517578,137.24000549316406,138.22999572753906,139.19000244140625,1129000.0,135.9506072998047,0.0097808837890625,7.194956840361755e-05,7.194698015755563e-05,0.17583853208569794
247,140.42999267578125,139.25,139.25,140.24000549316406,776900.0,136.97616577148438,1.0255584716796875,0.007543610816081792,0.007515300071689879,0.17590732085959762
248,141.94000244140625,140.4199981689453,140.5,141.4600067138672,983800.0,138.1677703857422,1.1916046142578125,0.00869935734838534,0.008661735969680784,0.1760288452153721
249,143.86000061035156,141.61000061035156,141.8300018310547,143.75,1558600.0,140.40447998046875,2.2367095947265625,0.016188359908262395,0.0160587255835134,0.1767236035215899
250,144.17999267578125,142.97000122070312,143.6199951171875,143.0800018310547,1249300.0,139.75006103515625,-0.6544189453125,-0.0046609548741146645,-0.004671850995019433,0.17635836003477756
251,144.0,142.08999633789062,143.39999389648438,142.6999969482422,1050800.0,139.37890625,-0.37115478515625,-0.0026558470343914786,-0.002659380052950411,0.17633258223001122
252,144.22000122070312,142.27999877929688,142.86000061035156,143.35000610351562,1109200.0,140.0137939453125,0.6348876953125,0.0045551203721869715,0.004544777209058992,0.17501677864646864
253,143.8300018310547,141.3699951171875,142.00999450683594,143.42999267578125,969700.0,140.09190368652344,0.0781097412109375,0.0005578717568459624,0.0005577162042467165,0.17481171205713955
254,143.77999877929688,141.1999969482422,142.8300018310547,141.7100067138672,1191000.0,138.41197204589844,-1.679931640625,-0.011991639748033522,-0.012064119476582036,0.17431680472512276
255,142.72999572753906,141.2899932861328,141.5,141.52999877929688,1011300.0,138.23614501953125,-0.1758270263671875,-0.0012703166046134085,-0.0012711241407075136,0.17422096385499408
256,142.13999938964844,139.9600067138672,140.83999633789062,141.8300018310547,928100.0,138.52914428710938,0.292999267578125,0.002119556122870181,0.0021173130328016043,0.17420224359979083
257,144.00999450683594,140.77000427246094,141.16000366210938,143.9600067138672,973100.0,140.60960388183594,2.0804595947265625,0.015018208662393118,0.014906551901699316,0.17461854789025094
258,143.7899932861328,141.9499969482422,142.3800048828125,143.41000366210938,1611800.0,140.07240295410156,-0.537200927734375,-0.0038205137693568814,-0.0038278305740018226,0.17447910813250223
259,146.3800048828125,143.07000732421875,143.07000732421875,145.7100067138672,1775100.0,142.31886291503906,2.2464599609375,0.016037848380980657,0.015910600805923103,0.1751468233392666
260,146.88999938964844,144.72999572753906,145.05999755859375,146.52000427246094,1431100.0,143.11001586914062,0.7911529541015625,0.005559016829510988,0.005543622520586489,0.17492557187764401
261,148.27000427246094,146.3699951171875,146.3699951171875,147.41000366210938,1686500.0,143.97930908203125,0.869293212890625,0.006074300303938962,0.006055926111214305,0.1750035783796775
262,148.52000427246094,145.8800048828125,145.97000122070312,147.49000549316406,1721400.0,144.0574493408203,0.0781402587890625,0.0005427186676145723,0.0005425714491016365,0.1749959057762831
263,148.85000610351562,147.24000549316406,147.5,148.1699981689453,1440600.0,144.7216033935547,0.664154052734375,0.00461034160866669,0.00459974653591555,0.17500103914162865
264,148.83999633789062,146.94000244140625,148.36000061035156,147.47000122070312,1390700.0,144.03790283203125,-0.6837005615234375,-0.004724246729523762,-0.0047354412541515956,0.1749308058122346
265,148.25999450683594,146.94000244140625,147.47999572753906,147.9600067138672,1104200.0,144.51651000976562,0.478607177734375,0.0033227863522318213,0.003317278096127474,0.1747039223113426
266,147.4600067138672,145.47999572753906,147.32000732421875,146.94000244140625,1803100.0,143.52023315429688,-0.99627685546875,-0.0068938618528874285,-0.006917734297330114,0.17485718613418488
267,148.10000610351562,146.75,147.3800048828125,147.94000244140625,919300.0,144.4969482421875,0.976715087890625,0.006805417371643863,0.0067823650468712415,0.17490962226519033
268,148.8000030517578,146.25,148.0,146.27999877929688,1243900.0,142.87557983398438,-1.621368408203125,-0.01122077959380563,-0.011284207460900753,0.17529437537407996
269,145.9600067138672,143.69000244140625,145.75999450683594,145.07000732421875,1484900.0,141.6937713623047,-1.1818084716796875,-0.008271591779735243,-0.008305991218431785,0.1755011023602807
270,146.27000427246094,144.47999572753906,145.49000549316406,145.72999572753906,1068600.0,142.33839416503906,0.644622802734375,0.004549408181719672,0.004539090904154719,0.17411777749609142
271,146.3300018310547,144.49000549316406,145.13999938964844,145.57000732421875,1405400.0,142.18212890625,-0.1562652587890625,-0.0010978433451193093,-0.001098446416550658,0.17351011676900063
272,146.83999633789062,144.8699951171875,145.49000549316406,146.7899932861328,1628800.0,143.37371826171875,1.19158935546875,0.008380725233439357,0.008345801941729292,0.17316963975608943
273,147.8000030517578,146.61000061035156,147.36000061035156,147.5500030517578,1513400.0,144.11602783203125,0.7423095703125,0.005177445206222986,0.005164088319985716,0.17314642567415256
274,149.86000061035156,147.92999267578125,148.0800018310547,149.85000610351562,1474800.0,146.3625030517578,2.2464752197265625,0.015587962376709674,0.015467718057297297,0.17376172072710103
275,149.6699981689453,148.36000061035156,149.52000427246094,149.0,1796800.0,145.53228759765625,-0.8302154541015625,-0.005672323421579972,-0.005688472144218082,0.1738085692381353
276,150.02000427246094,147.92999267578125,147.92999267578125,149.52999877929688,1257900.0,146.85816955566406,1.3258819580078125,0.009110569069548324,0.009069318191843756,0.173970076075759
277,149.89999389648438,148.88999938964844,149.36000061035156,149.32000732421875,1187500.0,146.6519317626953,-0.20623779296875,-0.0014043331303443818,-0.00140532013027439,0.17349026590776684
278,150.07000732421875,148.6999969482422,150.0,149.19000244140625,968400.0,146.5242462158203,-0.127685546875,-0.0008706707463057572,-0.000871050000232465,0.17313021106353757
279,150.61000061035156,149.4499969482422,149.52999877929688,149.72999572753906,1026000.0,147.05458068847656,0.53033447265625,0.0036194315026545354,0.0036128971228661655,0.17301882622609963
280,150.0399932861328,148.5500030517578,149.7899932861328,149.41000366210938,1508100.0,146.7403106689453,-0.31427001953125,-0.00213709779090121,-0.002139384643117026,0.1728682613275858
281,150.63999938964844,148.7899932861328,149.69000244140625,150.11000061035156,1124000.0,147.42779541015625,0.6874847412109375,0.004685043517196563,0.004674102859149265,0.1729144309065826
282,150.52000427246094,149.66000366210938,150.3000030517578,149.9199981689453,821200.0,147.24119567871094,-0.1865997314453125,-0.001265702515093392,-0.0012665041930510768,0.17276923227705013
283,151.49000549316406,149.5800018310547,149.86000061035156,150.3300018310547,1329000.0,147.6438751220703,0.402679443359375,0.0027348286700825675,0.002731095830391439,0.17275046640751485
284,152.00999450683594,150.32000732421875,150.32000732421875,151.60000610351562,1010100.0,148.8911895751953,1.247314453125,0.008448128661576515,0.0084126429411846,0.17230293998532026
285,152.5,150.83999633789062,152.0399932861328,152.19000244140625,932200.0,149.4706268310547,0.579437255859375,0.0038916826275119387,0.0038841296202711817,0.1722915958647656
286,153.1999969482422,151.2100067138672,152.24000549316406,151.47999572753906,2316400.0,148.7733154296875,-0.6973114013671875,-0.004665206911558251,-0.00467612295294817,0.17042067893280166
287,153.1300048828125,151.60000610351562,151.74000549316406,152.02000427246094,980100.0,149.30368041992188,0.530364990234375,0.0035649201518603846,0.0035585808855334022,0.16992112531616319
288,153.6300048828125,151.47999572753906,152.00999450683594,153.1300048828125,1296800.0,150.3938446044922,1.0901641845703125,0.007301656472929352,0.007275128433457567,0.16990276723325895
289,153.1699981689453,148.6199951171875,152.89999389648438,148.6999969482422,1506200.0,146.04298400878906,-4.350860595703125,-0.02892977839049915,-0.029356494449360504,0.17246068743246443
290,149.52000427246094,147.2899932861328,147.4499969482422,149.1999969482422,1615500.0,146.5340576171875,0.4910736083984375,0.0033625279004767528,0.0033568872445748354,0.1722005517739984
291,150.5399932861328,148.4600067138672,149.7899932861328,149.52000427246094,2320000.0,146.84835815429688,0.314300537109375,0.0021448975222571054,0.002142600513545645,0.17182647485036529
292,151.42999267578125,149.88999938964844,150.89999389648438,151.4199981689453,1146100.0,148.7144012451172,1.8660430908203125,0.012707279225141921,0.012627219268594558,0.17203081015004448
293,152.83999633789062,151.24000549316406,151.72000122070312,152.8300018310547,915700.0,150.09921264648438,1.3848114013671875,0.009311884994141817,0.009268796675503843,0.17222233379707708
294,154.6199951171875,153.0500030517578,153.38999938964844,154.3000030517578,613900.0,151.54293823242188,1.4437255859375,0.009618475410245964,0.00957251237018486,0.1724357063440853
295,154.24000549316406,152.50999450683594,153.80999755859375,154.08999633789062,612100.0,151.33668518066406,-0.2062530517578125,-0.001361020540867952,-0.001361947570557298,0.17243919603379324
296,154.25999450683594,153.44000244140625,153.97999572753906,153.8000030517578,773400.0,151.0518798828125,-0.2848052978515625,-0.0018819316513478679,-0.0018837047095834336,0.17244681806892742
297,153.6300048828125,152.44000244140625,153.19000244140625,153.4499969482422,843400.0,150.70811462402344,-0.3437652587890625,-0.002275809205789181,-0.0022784027953175467,0.1724369562625919
298,154.72999572753906,153.25999450683594,154.30999755859375,153.3300018310547,747000.0,150.59027099609375,-0.1178436279296875,-0.0007819328655506164,-0.0007822387345095549,0.17160866154146215
299,153.33999633789062,151.19000244140625,152.97000122070312,152.42999267578125,933800.0,149.7063446044922,-0.8839263916015625,-0.005869744345067929,-0.0058870390044338805,0.17171816202196988
300,153.4600067138672,151.8000030517578,152.9199981689453,153.38999938964844,867600.0,150.64918518066406,0.942840576171875,0.0062979333218158295,0.0062781842154171486,0.17164271283912216
301,154.9600067138672,153.1699981689453,153.1699981689453,154.8300018310547,923400.0,152.0634765625,1.4142913818359375,0.009387978966762134,0.009344185765298718,0.17171486476802747
302,155.08999633789062,154.10000610351562,154.8800048828125,154.58999633789062,878000.0,151.8277587890625,-0.2357177734375,-0.0015501274781167806,-0.0015513301687590797,0.17168719700373816
303,154.1699981689453,152.35000610351562,154.0399932861328,152.3800048828125,944500.0,149.65724182128906,-2.1705169677734375,-0.014295916537824804,-0.014399087616498996,0.17198438094842475
304,152.8699951171875,151.5500030517578,152.35000610351562,152.7100067138672,763000.0,149.98135375976562,0.3241119384765625,0.002165694987641187,0.0021633532506344366,0.17194571051405114
305,152.38999938964844,150.1699981689453,151.64999389648438,150.22999572753906,1374300.0,147.54563903808594,-2.4357147216796875,-0.016240116925342107,-0.01637343297350924,0.1725797380213579
306,150.83999633789062,149.30999755859375,150.1699981689453,149.7100067138672,1197600.0,147.0349578857422,-0.51068115234375,-0.003461174153794766,-0.003467177874340699,0.1682618694863902
307,149.97000122070312,145.3699951171875,148.5,147.5,1970200.0,144.86444091796875,-2.1705169677734375,-0.014761911037918574,-0.014871952336019234,0.16898940877193236
308,149.14999389648438,146.83999633789062,147.60000610351562,148.85000610351562,1308500.0,146.19033813476562,1.325897216796875,0.009152675483334649,0.00911104358510606,0.16898245116265487
309,149.0500030517578,147.22000122070312,147.9499969482422,148.49000549316406,1188900.0,145.83676147460938,-0.35357666015625,-0.002418604845351058,-0.002421534394618341,0.16898088234670225
310,150.25,147.25,148.36000061035156,149.92999267578125,947600.0,147.25100708007812,1.41424560546875,0.009697456191215315,0.009650737654077979,0.16882781418193052
311,151.02999877929688,148.52999877929688,149.6699981689453,148.74000549316406,1246200.0,146.082275390625,-1.168731689453125,-0.007937003030597523,-0.007968668704143589,0.16727522607101808
312,149.5500030517578,147.27999877929688,148.1300048828125,147.6199951171875,1204700.0,144.9822998046875,-1.0999755859375,-0.007529836066669682,-0.007558328400779857,0.167236527211303
313,148.83999633789062,146.11000061035156,148.27999877929688,146.6199951171875,1617600.0,144.0001678466797,-0.9821319580078125,-0.006774150771031273,-0.00679719947962365,0.16738328377346662
314,148.14999389648438,145.47000122070312,146.2899932861328,145.77999877929688,1542800.0,143.1751708984375,-0.8249969482421875,-0.005729138796008781,-0.0057456132648257,0.16731508303818038
315,147.75999450683594,145.47000122070312,146.5,146.9199981689453,1442800.0,144.2947998046875,1.11962890625,0.007819993503232592,0.00778957582847184,0.16718969281361568
316,147.47000122070312,143.5800018310547,146.27999877929688,143.92999267578125,1664300.0,141.35821533203125,-2.93658447265625,-0.020351284153213522,-0.020561224794795052,0.16843686688709733
317,146.0399932861328,142.7899932861328,143.72000122070312,145.9600067138672,1331300.0,143.35195922851562,1.993743896484375,0.014104195442771639,0.014005656736783223,0.16867404469502525
318,148.02999877929688,143.1199951171875,144.25,147.36000061035156,1555700.0,144.72694396972656,1.3749847412109375,0.009591670379747619,0.009545962354520654,0.1689044024946961
319,148.77999877929688,146.22999572753906,147.86000061035156,148.22000122070312,1644100.0,145.5715789794922,0.844635009765625,0.005836059178740749,0.005819095354626214,0.1689818935439793
320,149.63999938964844,147.5800018310547,148.5,149.07000732421875,1385900.0,146.40640258789062,0.8348236083984375,0.005734798057772217,0.005718416702727325,0.16894173593989506
321,149.32000732421875,146.25,148.5399932861328,146.3000030517578,1064500.0,143.68588256835938,-2.72052001953125,-0.018581974363437226,-0.01875678822726723,0.1700405697026582
322,148.8800048828125,146.0,146.6300048828125,148.22000122070312,1110300.0,145.5715789794922,1.8856964111328125,0.013123741716488224,0.013038371524539905,0.1703915463810373
323,147.80999755859375,143.42999267578125,146.74000549316406,143.47999572753906,1563500.0,140.916259765625,-4.6553192138671875,-0.03197958864293848,-0.032502105815201965,0.17344805124353202
324,146.24000549316406,143.0399932861328,143.44000244140625,145.58999633789062,1203900.0,142.9885711669922,2.0723114013671875,0.014705977896474876,0.014598893579993444,0.1739555162417086
325,147.13999938964844,145.33999633789062,146.17999267578125,146.80999755859375,1575500.0,144.18678283691406,1.198211669921875,0.008379772314267786,0.00834485694189091,0.17389508232553721
326,148.39999389648438,147.02000427246094,148.39999389648438,147.5800018310547,1379600.0,144.94302368164062,0.7562408447265625,0.005244869396815233,0.005231162974030035,0.17357366672701016
327,148.4600067138672,146.38999938964844,147.6300048828125,146.50999450683594,905800.0,143.89212036132812,-1.0509033203125,-0.007250458101527912,-0.007276870417901371,0.17375164885107894
328,147.4600067138672,146.25,146.75,147.0399932861328,849700.0,144.4126434326172,0.5205230712890625,0.003617453617209776,0.0036109263684833692,0.17363343223948108
329,148.1699981689453,146.2899932861328,147.63999938964844,147.80999755859375,696800.0,145.1688995361328,0.756256103515625,0.005236772110390087,0.005223107902789792,0.17368874417422764
330,148.77000427246094,144.1699981689453,147.3300018310547,144.72999572753906,1430500.0,142.14393615722656,-3.02496337890625,-0.020837544326450796,-0.021057709795796242,0.17408369924891132
331,147.4199981689453,145.2100067138672,145.60000610351562,147.33999633789062,898100.0,144.70729064941406,2.5633544921875,0.01803351280037835,0.017872837822600296,0.17494461675236325
332,148.57000732421875,146.6999969482422,148.25999450683594,147.10000610351562,987100.0,144.47158813476562,-0.2357025146484375,-0.0016288226639491477,-0.0016301506378031405,0.17481691462505328
333,147.33999633789062,145.6699981689453,146.8800048828125,146.3699951171875,1072700.0,143.75462341308594,-0.7169647216796875,-0.004962669345137227,-0.004975024281242746,0.17461793110050336
334,147.7899932861328,146.25999450683594,147.57000732421875,146.94000244140625,1152800.0,144.31443786621094,0.559814453125,0.0038942361632179345,0.0038866732537155,0.1746335700935653
335,147.94000244140625,146.14999389648438,147.6699981689453,146.9600067138672,1029800.0,144.33409118652344,0.0196533203125,0.00013618402013748643,0.00013617474793559126,0.1746178927728193
336,147.6199951171875,145.77999877929688,146.24000549316406,147.57000732421875,1061700.0,144.93319702148438,0.5991058349609375,0.004150826946259789,0.004142236028827462,0.17446384218600258
337,150.27000427246094,147.83999633789062,148.4600067138672,150.16000366210938,969400.0,147.47691345214844,2.5437164306640625,0.017550957840852588,0.017398718496651533,0.17527311974354545
338,152.6300048828125,150.97999572753906,151.75,151.74000549316406,1230100.0,149.0286865234375,1.5517730712890625,0.01052214231343096,0.010467169856433145,0.17551723579899384
339,153.64999389648438,151.69000244140625,151.77999877929688,152.83999633789062,1277000.0,150.10902404785156,1.0803375244140625,0.007249191747014105,0.00722304265366791,0.17561795974046668
340,153.3800048828125,148.02000427246094,152.7899932861328,149.22999572753906,1658300.0,147.3540802001953,-2.75494384765625,-0.018352952896276475,-0.018523457736719706,0.17666073424621204
341,149.13999938964844,145.5399932861328,148.85000610351562,146.57000732421875,1629000.0,144.7275390625,-2.6265411376953125,-0.017824692293059607,-0.01798546547416624,0.1771107969061024
342,146.36000061035156,144.3000030517578,145.86000061035156,146.22999572753906,1440000.0,144.3917999267578,-0.3357391357421875,-0.0023198013171301657,-0.0023224962247789804,0.17600637208744008
343,148.91000366210938,146.8000030517578,147.17999267578125,148.3000030517578,1358900.0,146.435791015625,2.0439910888671875,0.01415586681448655,0.014056608163266482,0.17651300182855847
344,148.57000732421875,145.5800018310547,148.38999938964844,146.30999755859375,1631700.0,144.47080993652344,-1.9649810791015625,-0.013418721375923037,-0.013509566012166907,0.17689277207730383
345,147.22999572753906,145.52999877929688,145.7100067138672,146.33999633789062,1161000.0,144.50042724609375,0.0296173095703125,0.00020500549268964718,0.0002049844819351776,0.17629175040578718
346,148.1199951171875,146.2100067138672,146.47999572753906,147.25,1322900.0,145.3989715576172,0.8985443115234375,0.006218281348007171,0.006199027612086461,0.17617423469599316
347,147.0,144.6999969482422,145.83999633789062,146.47000122070312,1276900.0,144.6287841796875,-0.7701873779296875,-0.005297062074641201,-0.0053111412488009435,0.17626656941182112
348,148.41000366210938,146.75,146.8000030517578,146.94000244140625,952300.0,145.09288024902344,0.4640960693359375,0.003208877623968265,0.0032037401635527374,0.17595547865339078
349,148.3300018310547,146.07000732421875,146.55999755859375,146.27999877929688,2418600.0,144.441162109375,-0.6517181396484375,-0.004491730666107752,-0.004501848798280861,0.17584197885988767
350,147.38999938964844,145.8300018310547,146.17999267578125,146.5399932861328,823800.0,144.69789123535156,0.2567291259765625,0.0017773958768219078,0.0017758181779568005,0.17544125546947645
351,148.2100067138672,146.4199981689453,146.88999938964844,146.75,1056200.0,144.90525817871094,0.207366943359375,0.0014331027327971757,0.001432076821116901,0.1754356128319357
352,147.00999450683594,145.77999877929688,146.85000610351562,146.85000610351562,839000.0,145.0040283203125,0.0987701416015625,0.0006816187545088948,0.0006813865579529121,0.1749872341432825
353,148.41000366210938,146.8300018310547,146.89999389648438,148.10000610351562,799900.0,146.23831176757812,1.234283447265625,0.008512063158266914,0.008476039826230242,0.1747419067082546
354,148.64999389648438,147.14999389648438,148.5399932861328,148.0,1204100.0,146.13955688476562,-0.0987548828125,-0.0006753010317122055,-0.0006755291501585603,0.17415623223648893
355,149.3800048828125,147.97999572753906,147.97999572753906,148.69000244140625,886500.0,146.8208770751953,0.6813201904296875,0.004662120270194414,0.004651286247448816,0.17416587831217195
356,149.5800018310547,145.52000427246094,149.27000427246094,145.5500030517578,1236600.0,143.72035217285156,-3.10052490234375,-0.021117738594871538,-0.021343907825788655,0.17550341805036979
357,145.07000732421875,141.75999450683594,144.8300018310547,142.38999938964844,1376000.0,140.60008239746094,-3.120269775390625,-0.021710702264616577,-0.02194984723372606,0.17683075322235275
358,142.39999389648438,140.69000244140625,142.1199951171875,141.72999572753906,1215300.0,139.9483642578125,-0.6517181396484375,-0.004635261434670412,-0.004646037571991002,0.17686583083639135
359,145.2100067138672,141.8000030517578,142.0,144.9600067138672,1229400.0,143.1377716064453,3.1894073486328125,0.02278988658100567,0.022534076412802584,0.17823915420995468
360,144.63999938964844,143.05999755859375,144.63999938964844,143.14999389648438,891500.0,141.35052490234375,-1.7872467041015625,-0.01248619902380177,-0.012564806632419767,0.17848548981695836
361,142.42999267578125,140.60000610351562,142.42999267578125,140.6300048828125,1148500.0,138.86221313476562,-2.488311767578125,-0.017603838183814613,-0.017760628542956347,0.17932899684402087
362,141.6699981689453,140.6199951171875,141.39999389648438,141.3000030517578,724800.0,139.52377319335938,0.66156005859375,0.004764147449902056,0.004752834815251461,0.1790244640706927
363,142.60000610351562,140.7899932861328,141.16000366210938,141.55999755859375,846200.0,139.78050231933594,0.2567291259765625,0.0018400385833945432,0.0018383477861707576,0.17902814823216306
364,143.83999633789062,142.4199981689453,143.16000366210938,142.60000610351562,1187500.0,140.8074493408203,1.026947021484375,0.007346854564438843,0.007319997889611685,0.17713953662338536
365,143.3000030517578,142.16000366210938,142.42999267578125,143.11000061035156,602000.0,141.31103515625,0.5035858154296875,0.0035764145845065265,0.0035700344214140145,0.17439177644589746
366,144.5,143.13999938964844,143.49000549316406,143.30999755859375,878200.0,141.5084991455078,0.1974639892578125,0.001397371330833952,0.0013963959160872008,0.17429012718647655
367,142.91000366210938,141.55999755859375,142.83999633789062,142.57000732421875,912600.0,140.77781677246094,-0.730682373046875,-0.005163522879961691,-0.005176899932574308,0.17436640299193346
368,142.86000061035156,140.42999267578125,142.61000061035156,140.47999572753906,1111300.0,138.71408081054688,-2.0637359619140625,-0.014659525266325746,-0.014768037908479137,0.17473881823267037
369,141.6699981689453,140.2100067138672,140.75999450683594,141.36000061035156,1505000.0,139.58303833007812,0.86895751953125,0.0062643786013192315,0.0062448389417815164,0.17435295305891893
370,142.22000122070312,141.41000366210938,141.99000549316406,141.91000366210938,1716300.0,140.12611389160156,0.5430755615234375,0.0038906988128399878,0.0038831496189715153,0.1740425781338786
371,133.75,129.82000732421875,132.57000732421875,130.14999389648438,3551600.0,128.51393127441406,-11.6121826171875,-0.0828695115756255,-0.08650551758602987,0.19448630904857306
372,133.02999877929688,129.69000244140625,130.07000732421875,132.16000366210938,1933900.0,130.49867248535156,1.9847412109375,0.015443782563148822,0.015325741139247562,0.19438729844984096
373,132.72999572753906,131.0399932861328,132.33999633789062,131.42999267578125,1281500.0,129.77783203125,-0.7208404541015625,-0.005523737830991915,-0.005539050084084174,0.19446007461819464
374,131.44000244140625,129.5,131.0500030517578,130.42999267578125,1342300.0,128.7904052734375,-0.9874267578125,-0.00760859341196829,-0.007637686424038392,0.19372944559998267
375,131.1999969482422,129.22999572753906,130.75,129.3000030517578,1525500.0,127.67462921142578,-1.1157760620117188,-0.00866350299653762,-0.008701249306930947,0.1939188002952734
376,129.8800048828125,128.2899932861328,129.0500030517578,128.92999267578125,2190700.0,127.30926513671875,-0.36536407470703125,-0.002861681110520431,-0.002865783548358536,0.19394538706136655
377,130.25999450683594,128.74000549316406,129.10000610351562,129.77999877929688,1353300.0,128.14859008789062,0.839324951171875,0.006592803361723298,0.006571165882671259,0.19387528066839388
378,131.1199951171875,128.9499969482422,129.41000366210938,131.05999755859375,1864100.0,129.41250610351562,1.263916015625,0.009862894431832192,0.009814573551267358,0.19202468402207418
379,131.55999755859375,129.77000427246094,131.52000427246094,130.72000122070312,1005000.0,129.07676696777344,-0.3357391357421875,-0.0025943330042124124,-0.002597704117870414,0.1919469667762438
380,131.60000610351562,129.83999633789062,131.13999938964844,130.1999969482422,1106900.0,128.5633087158203,-0.513458251953125,-0.0039779292897947904,-0.003985862295458276,0.1919937637103643
381,131.99000549316406,130.14999389648438,130.19000244140625,131.27000427246094,1590600.0,129.619873046875,1.0565643310546875,0.008218241593253905,0.008184655731491297,0.1921390124008289
382,132.58999633789062,131.0800018310547,131.27999877929688,132.35000610351562,1559600.0,130.68629455566406,1.0664215087890625,0.008227299438901658,0.008193639703994116,0.19188197118772227
383,133.82000732421875,132.6199951171875,132.6999969482422,133.00999450683594,1333700.0,131.33798217773438,0.6516876220703125,0.004986656208182172,0.004974264018099639,0.19127136751607043
384,133.9499969482422,132.5,132.72999572753906,133.2899932861328,1301700.0,131.6144561767578,0.2764739990234375,0.002105057458925197,0.002102844929929404,0.19085200179590311
385,133.94000244140625,132.8000030517578,133.0,133.5399932861328,1319100.0,131.861328125,0.2468719482421875,0.0018757206116526426,0.0018739636444555785,0.19078679670404972
386,133.72999572753906,132.44000244140625,133.69000244140625,133.35000610351562,1050600.0,131.67372131347656,-0.1876068115234375,-0.0014227583946795352,-0.001423771476432023,0.1907933779707351
387,134.38999938964844,132.50999450683594,132.6999969482422,134.1300048828125,1074500.0,132.44390869140625,0.7701873779296875,0.005849210990977349,0.005832170771971512,0.1883053480804802
388,134.47999572753906,133.27999877929688,133.83999633789062,133.9499969482422,1018100.0,132.26617431640625,-0.177734375,-0.001341959602038978,-0.001342860836195392,0.18830063150714857
389,134.69000244140625,133.35000610351562,133.88999938964844,133.57000732421875,1450000.0,131.89096069335938,-0.375213623046875,-0.0028368071049615917,-0.0028408384681757326,0.18582476242758544
390,134.72999572753906,133.64999389648438,133.64999389648438,134.2899932861328,1286900.0,132.60189819335938,0.7109375,0.0053903428731016945,0.005375866971705001,0.18479489669581642
391,135.67999267578125,134.36000061035156,134.64999389648438,135.4600067138672,1810300.0,133.7572021484375,1.155303955078125,0.008712574788284355,0.008674839332151407,0.1833237184119911
392,135.6999969482422,134.44000244140625,134.77999877929688,135.42999267578125,1301100.0,133.72756958007812,-0.029632568359375,-0.00022153998351792659,-0.00022156452712529529,0.18284416266422757
393,135.99000549316406,133.7899932861328,135.9499969482422,134.69000244140625,1230500.0,132.9968719482422,-0.7306976318359375,-0.005464076212036373,-0.005479058879008569,0.18215195443393387
394,135.5,134.38999938964844,134.7100067138672,135.1300048828125,1222700.0,133.43133544921875,0.4344635009765625,0.003266719695073972,0.003261395558115332,0.18210557552027934
395,135.94000244140625,134.8699951171875,135.57000732421875,135.02999877929688,1161300.0,133.3325958251953,-0.0987396240234375,-0.0007400032660320743,-0.0007402772036000371,0.1818623392749562
396,136.89999389648438,134.6999969482422,134.8300018310547,136.67999267578125,1827500.0,134.96185302734375,1.6292572021484375,0.012219496605949676,0.012145441226593334,0.1799491116480384
397,137.32000732421875,136.1300048828125,137.0800018310547,136.83999633789062,1057500.0,135.11984252929688,0.157989501953125,0.0011706233903079344,0.0011699387450034848,0.17985381478940254
398,137.2100067138672,136.47000122070312,136.8300018310547,136.72000122070312,523300.0,135.00135803222656,-0.1184844970703125,-0.0008768845112043788,-0.000877269199328623,0.1796749964572842
399,137.25999450683594,135.25999450683594,136.99000549316406,135.25999450683594,1577300.0,133.55970764160156,-1.441650390625,-0.01067878435919778,-0.010736211779494909,0.18001014116975936
400,135.10000610351562,133.6999969482422,134.77999877929688,134.6199951171875,1865200.0,132.927734375,-0.6319732666015625,-0.004731765872814098,-0.004742996116879894,0.18006523065480645
401,135.49000549316406,133.3300018310547,133.4499969482422,135.1699981689453,1303000.0,133.4708251953125,0.5430908203125,0.004085609544659752,0.004077286105165001,0.18009266320905962
402,135.41000366210938,134.02999877929688,135.41000366210938,134.30999755859375,1435000.0,132.62164306640625,-0.84918212890625,-0.00636230522785497,-0.006382630949924639,0.178186459431552
403,136.14999389648438,134.7899932861328,135.19000244140625,135.72000122070312,1583700.0,134.01393127441406,1.3922882080078125,0.010498197547670785,0.010443474136712538,0.178161009067262
404,135.6300048828125,134.82000732421875,135.30999755859375,135.4499969482422,987100.0,134.560302734375,0.5463714599609375,0.0040769750932994064,0.004068686750285266,0.1779632025727183
405,135.7899932861328,135.14999389648438,135.4499969482422,135.5399932861328,828600.0,134.6497039794922,0.0894012451171875,0.0006643953922551571,0.0006641747793478814,0.17789255450358119
406,135.63999938964844,134.27999877929688,135.25999450683594,134.6300048828125,1260100.0,133.74569702148438,-0.9040069580078125,-0.006713768625480898,-0.006736407354412499,0.17721008194454613
407,136.22000122070312,134.30999755859375,134.6199951171875,135.61000061035156,1068900.0,134.71925354003906,0.9735565185546875,0.007279161425270297,0.007252796196933531,0.1771552916831124
408,136.2100067138672,135.1199951171875,135.1300048828125,135.66000366210938,985600.0,134.76893615722656,0.0496826171875,0.00036878631585302024,0.00036871833089424655,0.17709254068194355
409,136.75,135.67999267578125,136.07000732421875,136.17999267578125,1312700.0,135.28550720214844,0.516571044921875,0.0038330127079078125,0.0038256854324227874,0.17692280327658683
410,137.25999450683594,136.1999969482422,136.27999877929688,136.99000549316406,1083400.0,136.09019470214844,0.8046875,0.0059480687668753696,0.005930448841011682,0.17690963144221575
411,137.1699981689453,134.94000244140625,137.1699981689453,135.6699981689453,1582400.0,134.7788543701172,-1.31134033203125,-0.009635817884611653,-0.009682542775053982,0.17711210600281505
412,136.49000549316406,135.10000610351562,135.39999389648438,136.47000122070312,1741500.0,135.5736083984375,0.7947540283203125,0.005896726396989793,0.005879408750821824,0.17718157469250273
413,137.61000061035156,136.0399932861328,137.14999389648438,136.42999267578125,2676500.0,135.5338592529297,-0.0397491455078125,-0.00029319235489400075,-0.0002932353441753577,0.17643710365766685
414,136.8000030517578,135.5800018310547,136.8000030517578,136.22999572753906,1003000.0,135.33517456054688,-0.1986846923828125,-0.0014659413778813635,-0.0014670169211932205,0.17607352750536653
415,136.4499969482422,135.5500030517578,136.4499969482422,135.8300018310547,486200.0,134.93780517578125,-0.397369384765625,-0.0029361870338286966,-0.0029405060874161393,0.17339158255050807
416,136.30999755859375,135.80999755859375,135.9600067138672,136.2899932861328,927700.0,135.394775390625,0.45697021484375,0.003386524734476426,0.003380803372970753,0.16900752640834477
417,136.89999389648438,135.97000122070312,136.47999572753906,136.8000030517578,614400.0,135.9014434814453,0.5066680908203125,0.003742153929932268,0.0037351694910556787,0.16860375085775778
418,136.97999572753906,135.64999389648438,136.97999572753906,136.49000549316406,799200.0,135.59347534179688,-0.3079681396484375,-0.0022661138230697375,-0.002268685344641419,0.16857450854121325
419,136.99000549316406,136.1300048828125,136.30999755859375,136.9499969482422,765100.0,136.05044555664062,0.45697021484375,0.003370148996416189,0.0033644827714001124,0.16816383528967685
420,137.74000549316406,136.13999938964844,137.52000427246094,137.50999450683594,1117300.0,136.6067657470703,0.5563201904296875,0.004089072903462609,0.004080735365662669,0.16690908130409385
421,137.3699951171875,136.35000610351562,136.5500030517578,137.02000427246094,927300.0,136.1199951171875,-0.4867706298828125,-0.0035632981076799686,-0.00356966177597684,0.16588895909966633
422,137.2100067138672,135.63999938964844,136.14999389648438,137.1699981689453,952800.0,136.26901245117188,0.149017333984375,0.0010947497746829349,0.0010941509731328125,0.16340959620677012
423,136.6300048828125,135.10000610351562,135.88999938964844,135.16000366210938,1204600.0,134.272216796875,-1.996795654296875,-0.014653336208863887,-0.014761756792271541,0.16409158683734235
424,137.6999969482422,135.49000549316406,135.94000244140625,136.61000061035156,1942800.0,135.7126922607422,1.4404754638671875,0.010728023251796781,0.010670886291523907,0.16433554171208617
425,137.91000366210938,136.6999969482422,136.6999969482422,137.6199951171875,1228600.0,136.71604919433594,1.00335693359375,0.0073932431586134495,0.0073660470988725635,0.16434607597443152
426,136.47000122070312,135.32000732421875,135.8000030517578,135.50999450683594,1343200.0,134.61990356445312,-2.0961456298828125,-0.015332110913351737,-0.015450863104057966,0.16464313670164554
427,136.3000030517578,135.35000610351562,135.50999450683594,136.25999450683594,1042500.0,135.36497497558594,0.7450714111328125,0.005534630403119412,0.0055193706152349975,0.16471413608426935
428,137.55999755859375,136.0,136.0,136.64999389648438,1485300.0,135.75241088867188,0.3874359130859375,0.0028621577565084433,0.0028580695818059,0.16472957628578866
429,137.97999572753906,136.30999755859375,136.5,137.57000732421875,905200.0,136.6663818359375,0.913970947265625,0.006732631422768254,0.006710068475221931,0.16456016033920695
430,138.97999572753906,137.82000732421875,138.0,138.85000610351562,1249100.0,137.93797302246094,1.2715911865234375,0.009304345146489146,0.009261326362385525,0.16475554188339708
431,141.0500030517578,138.83999633789062,139.0,140.72999572753906,1534800.0,139.8056182861328,1.867645263671875,0.01353974705259553,0.013448903755723052,0.16519244000750655
432,141.5500030517578,140.3800048828125,140.77000427246094,140.91000366210938,1604700.0,139.9844512939453,0.1788330078125,0.0012791546577655133,0.0012783372364442158,0.16499657794432557
433,141.8699951171875,140.49000549316406,141.2899932861328,141.33999633789062,1656800.0,140.41162109375,0.4271697998046875,0.003051551767758065,0.003046905234021402,0.1644148842328695
434,138.0,133.47999572753906,136.2899932861328,134.19000244140625,3636600.0,133.30857849121094,-7.1030426025390625,-0.05058728435160298,-0.051911679602601346,0.17254545570238386
435,134.8800048828125,133.61000061035156,133.72999572753906,134.77999877929688,1755100.0,133.8946990966797,0.58612060546875,0.004396720841992829,0.00438708350304573,0.17226578666648196
436,135.75,133.55999755859375,134.35000610351562,133.72999572753906,1519500.0,132.85159301757812,-1.0431060791015625,-0.007790495711472389,-0.007821000156302382,0.17240477869657878
437,135.10000610351562,134.33999633789062,134.49000549316406,134.38999938964844,1297700.0,133.50726318359375,0.655670166015625,0.004935357951852959,0.004923218996473189,0.17246518036948918
438,134.5399932861328,132.9499969482422,134.5,133.27000427246094,1270900.0,132.39462280273438,-1.112640380859375,-0.008333931460562716,-0.008368852824207629,0.17267484895976237
439,134.27999877929688,132.11000061035156,132.60000610351562,134.1999969482422,1409700.0,133.31851196289062,0.92388916015625,0.00697829821633178,0.0069540625770230236,0.1726105691087089
440,134.50999450683594,131.42999267578125,133.66000366210938,131.6199951171875,1844900.0,130.75546264648438,-2.56304931640625,-0.01922500693016793,-0.019412210587473666,0.17371196632416688
441,134.2899932861328,132.27999877929688,132.50999450683594,133.61000061035156,1494900.0,132.73239135742188,1.9769287109375,0.015119281985811917,0.01500612478675567,0.17418517003419606
442,135.25,132.47999572753906,134.41000366210938,132.5800018310547,1541400.0,131.7091522216797,-1.0232391357421875,-0.007709038654979183,-0.007738906896110009,0.17432832084982686
443,136.83999633789062,133.86000061035156,133.86000061035156,136.77999877929688,1404500.0,135.88156127929688,4.1724090576171875,0.0316789607042236,0.031187534073592538,0.17704367828058476
444,138.0,136.47999572753906,137.27999877929688,136.5,937600.0,135.60340881347656,-0.2781524658203125,-0.002047021414837813,-0.0020491194267799884,0.1769775488947822
445,136.8800048828125,135.22999572753906,136.39999389648438,136.00999450683594,900200.0,135.1166229248047,-0.486785888671875,-0.0035897761931741323,-0.003596234901243278,0.17678282706691442
446,136.27000427246094,135.13999938964844,136.00999450683594,136.22000122070312,807700.0,135.32525634765625,0.2086334228515625,0.001544098855754239,0.001542907960865314,0.17660158577581456
447,137.50999450683594,135.64999389648438,136.33999633789062,137.3800048828125,1042000.0,136.47763061523438,1.152374267578125,0.008515589023660342,0.008479535926434245,0.17675335044635634
448,137.69000244140625,135.69000244140625,137.57000732421875,135.7100067138672,824800.0,134.818603515625,-1.659027099609375,-0.012156036796144298,-0.01223052568674099,0.17663642614231675
449,137.16000366210938,135.22999572753906,135.91000366210938,136.8800048828125,927200.0,135.9809112548828,1.1623077392578125,0.008621271166950661,0.008584320232817966,0.17673478512367322
450,138.16000366210938,136.22999572753906,136.6199951171875,137.75999450683594,981400.0,136.85513305664062,0.8742218017578125,0.006429003848335446,0.006408425952916907,0.17660295136668122
451,137.69000244140625,135.75999450683594,137.47999572753906,135.8800048828125,1206100.0,134.98748779296875,-1.867645263671875,-0.01364687770168549,-0.013740852289777727,0.17662689418569427
452,136.1699981689453,134.19000244140625,136.0,134.50999450683594,1272200.0,133.62648010253906,-1.3610076904296875,-0.010082472921616792,-0.010133645305068661,0.17691686332891476
453,134.4499969482422,132.60000610351562,133.97999572753906,133.97999572753906,1629100.0,133.09996032714844,-0.526519775390625,-0.003940235311044593,-0.003948018489962735,0.17690360449046352
454,135.3300018310547,133.24000549316406,134.25999450683594,135.16000366210938,1469700.0,134.272216796875,1.1722564697265625,0.008807338986767999,0.008768780609168303,0.17710975363129472
455,135.5500030517578,133.32000732421875,133.52000427246094,134.1199951171875,1828700.0,133.23904418945312,-1.033172607421875,-0.007694611976093668,-0.007724368243057889,0.17705972526152994
456,134.1999969482422,130.72999572753906,134.11000061035156,130.7899932861328,1949000.0,129.930908203125,-3.308135986328125,-0.02482857788760684,-0.025142005887211383,0.1785158849111382
457,132.16000366210938,128.55999755859375,131.27999877929688,128.55999755859375,1715500.0,127.71556091308594,-2.2153472900390625,-0.017050194758707726,-0.01719722296548376,0.17924830359136548
458,129.05999755859375,124.04000091552734,127.3499984741211,124.08000183105469,2689600.0,123.2649917602539,-4.450569152832031,-0.03484750895672584,-0.0354691683207804,0.18265294690873407
459,122.73999786376953,117.37999725341797,121.72000122070312,119.80999755859375,3756000.0,119.02303314208984,-4.2419586181640625,-0.03441332820931453,-0.03501941232775074,0.18593029790086263
460,127.69000244140625,119.33000183105469,119.80999755859375,127.68000030517578,3349900.0,126.84133911132812,7.818305969238281,0.0656873359957546,0.06361997690097088,0.1966155135513307
461,128.60000610351562,124.37000274658203,127.58000183105469,125.30999755859375,2694500.0,124.48690795898438,-2.35443115234375,-0.018562017468747083,-0.01873645367943766,0.19739187146958956
462,131.5500030517578,125.31999969482422,126.26000213623047,131.52999877929688,2423100.0,130.66604614257812,6.17913818359375,0.04963685165696008,0.04844424878280229,0.2032385905092887
463,129.3300018310547,126.80999755859375,127.6500015258789,128.02000427246094,2445500.0,127.17911529541016,-3.4869308471679688,-0.02668582198747449,-0.027048352705692835,0.2049283046446632
464,125.79000091552734,122.45999908447266,124.20999908447266,124.83999633789062,2550400.0,124.0199966430664,-3.15911865234375,-0.024839916876334467,-0.025153633642490902,0.20645110589614485
465,118.4800033569336,113.30000305175781,116.12000274658203,116.19999694824219,3658300.0,116.19999694824219,-7.819999694824219,-0.0630543453192507,-0.06512999769921723,0.21642983637967117
466,119.77999877929688,113.80000305175781,118.58000183105469,119.56999969482422,2615200.0,119.56999969482422,3.3700027465820312,0.02900174556874635,0.028589153224376496,0.21825568285725902
467,116.37000274658203,111.19000244140625,115.69000244140625,112.5999984741211,3032200.0,112.5999984741211,-6.970001220703125,-0.05829222412388135,-0.060060269224943674,0.2261828888298489
468,110.66000366210938,101.22000122070312,105.61000061035156,102.18000030517578,3485600.0,102.18000030517578,-10.419998168945312,-0.0925399494684731,-0.09710573526496624,0.24590804406712893
469,107.55000305175781,99.19000244140625,107.51000213623047,107.44999694824219,3602300.0,107.44999694824219,5.269996643066406,0.051575617805116325,0.05028962779756352,0.2511874260823092
470,98.4800033569336,84.86000061035156,97.8499984741211,85.0999984741211,4731800.0,85.0999984741211,-22.349998474121094,-0.20800371436852538,-0.23319857703795854,0.34208789952790397
471,96.69999694824219,80.4000015258789,87.11000061035156,96.41000366210938,5424900.0,96.41000366210938,11.310005187988281,0.1329025310315095,0.12478295101212833,0.3646618759719344
472,93.5,76.98999786376953,90.25,81.69000244140625,3939100.0,81.69000244140625,-14.720001220703125,-0.15268126399302595,-0.1656783434210256,0.39980620427552044
473,86.44999694824219,77.5199966430664,81.16000366210938,86.06999969482422,3177500.0,86.06999969482422,4.379997253417969,0.053617298598559904,0.05222928987570441,0.4033083071844922
474,94.18000030517578,84.95999908447266,86.1500015258789,89.51000213623047,5949500.0,89.51000213623047,3.44000244140625,0.039967496846791795,0.03918945963296405,0.4046288860335521
475,92.5,87.11000061035156,87.5999984741211,88.36000061035156,4915700.0,88.36000061035156,-1.1500015258789062,-0.01284774325140392,-0.012930989289205996,0.404752129818811
476,94.36000061035156,86.76000213623047,91.31999969482422,93.73999786376953,4293300.0,93.73999786376953,5.379997253417969,0.06088724780732613,0.059105584246199605,0.4092734932208993
477,94.95999908447266,87.66000366210938,93.37000274658203,92.18000030517578,4151400.0,92.18000030517578,-1.55999755859375,-0.01664174945748198,-0.01678177910265788,0.40956093757445544
478,98.93000030517578,90.0999984741211,93.08999633789062,98.66999816894531,4610600.0,98.66999816894531,6.489997863769531,0.07040570451598405,0.06803773970870264,0.41525555789908325
479,103.01000213623047,94.80999755859375,94.87000274658203,99.94999694824219,3085400.0,99.94999694824219,1.279998779296875,0.012972522580827706,0.012889100101848072,0.4154618707952283
480,102.98999786376953,96.19999694824219,99.8499984741211,102.58999633789062,2733700.0,102.58999633789062,2.6399993896484375,0.026413201303203016,0.026070395989504114,0.4163424715716731
481,101.72000122070312,99.01000213623047,100.73999786376953,99.3499984741211,2919500.0,99.3499984741211,-3.2399978637695312,-0.03158200584293103,-0.03209147276386215,0.4174307221643159
482,98.06999969482422,94.4000015258789,94.76000213623047,95.19999694824219,3182600.0,95.19999694824219,-4.150001525878906,-0.0417715308466754,-0.04266904389816606,0.41941809736642843
483,98.93000030517578,93.9000015258789,94.55000305175781,97.19000244140625,1852300.0,97.19000244140625,1.9900054931640625,0.020903419715926796,0.020687940894271506,0.41999636032663307
484,97.31999969482422,92.94000244140625,96.08999633789062,93.88999938964844,1784100.0,93.88999938964844,-3.3000030517578125,-0.03395414105218608,-0.03454397286556432,0.4213126066918411
485,99.48999786376953,96.77999877929688,98.0,98.9800033569336,3042500.0,98.9800033569336,5.090003967285156,0.0542124187919244,0.052793965669263976,0.42478276133898313
486,104.19999694824219,100.66999816894531,102.47000122070312,100.77999877929688,1944000.0,100.77999877929688,1.7999954223632812,0.018185445153727553,0.018022067700887767,0.4252077677852947
487,105.4800033569336,100.12000274658203,101.5999984741211,104.94000244140625,1482100.0,104.94000244140625,4.160003662109375,0.04127806819307045,0.040448870383449353,0.42721175506183673
488,111.69999694824219,105.75,106.33999633789062,109.73999786376953,1693400.0,109.73999786376953,4.799995422363281,0.045740378413307026,0.044725130641192656,0.429633729444963
489,109.87999725341797,105.83000183105469,109.61000061035156,106.41999816894531,1241500.0,106.41999816894531,-3.3199996948242188,-0.030253323851396896,-0.030720400202243425,0.43062271554089115
490,109.51000213623047,106.33999633789062,107.2300033569336,108.0199966430664,2122800.0,108.0199966430664,1.5999984741210938,0.015034753821185465,0.014922852125484276,0.43076254148759
491,105.2300033569336,101.97000122070312,103.0199966430664,102.16999816894531,1994700.0,102.16999816894531,-5.849998474121094,-0.05415662521682363,-0.05567828940609676,0.43419775678799416
492,102.22000122070312,98.97000122070312,101.95999908447266,99.80999755859375,1721100.0,99.80999755859375,-2.3600006103515625,-0.023098763361521613,-0.023369720443727537,0.43459145170674773
493,105.33999633789062,102.1500015258789,103.30000305175781,105.06999969482422,2038500.0,105.06999969482422,5.260002136230469,0.05270015293951458,0.05135843755822744,0.43742464892625843
494,103.81999969482422,100.0999984741211,103.29000091552734,101.77999877929688,2204500.0,101.77999877929688,-3.2900009155273438,-0.031312467165538704,-0.03181318262904398,0.4378882718187904
495,106.55000305175781,96.55000305175781,98.48999786376953,101.77999877929688,3049200.0,101.77999877929688,0.0,0.0,0.0,0.4376058582870338
496,104.41000366210938,100.44000244140625,103.51000213623047,101.79000091552734,2274100.0,101.79000091552734,0.01000213623046875,9.827211977242456e-05,9.826729138406876e-05,0.4374612352602228
497,102.97000122070312,100.25,101.75,100.44999694824219,1832100.0,100.44999694824219,-1.3400039672851562,-0.013164396848735493,-0.013251815578446013,0.4375233354659094
498,101.08000183105469,98.63999938964844,100.88999938964844,100.81999969482422,2130000.0,100.81999969482422,0.37000274658203125,0.0036834520440323093,0.0036766847474689612,0.43754871088991787
499,103.66000366210938,101.43000030517578,101.69999694824219,102.88999938964844,1405200.0,102.88999938964844,2.0699996948242188,0.020531637582721363,0.020323704828093092,0.43799169591010856
500,105.6500015258789,102.88999938964844,104.97000122070312,104.29000091552734,1907100.0,104.29000091552734,1.4000015258789062,0.013606779416695636,0.01351503845614932,0.4381275579389847
501,106.88999938964844,103.91000366210938,105.88999938964844,106.0,1420200.0,106.0,1.7099990844726562,0.016396577519044442,0.01626360520027692,0.43813566921830327
502,104.58999633789062,100.91000366210938,104.2699966430664,101.20999908447266,1908800.0,101.20999908447266,-4.790000915527344,-0.045188687882333434,-0.046241536957076335,0.44044041601628453
503,99.81999969482422,95.63999938964844,99.4800033569336,96.05000305175781,2580200.0,96.05000305175781,-5.159996032714844,-0.050983065698954944,-0.05232863616782968,0.443387333786383
